date,sku,revenue,units,traffic,inventory,returns
2025-09-19,STITCH-TEE-OVR,16211,29,139,318,2
2025-09-19,STITCH-COORD-SET,17270,22,150,360,1
2025-09-19,MICKEY-HOODIE,13148,19,290,384,0
2025-09-19,DISNEY-JOGGER,19580,20,297,264,0
2025-09-19,MARVEL-CAP,24480,30,89,441,2
2025-09-19,LOONEY-CROP,5058,9,110,136,0
2025-09-19,BARBIE-DRESS,18438,21,109,174,1
2025-09-19,HP-SWEAT,2970,6,146,103,0
2025-09-19,MINIONS-SHORT,16296,21,204,296,0
2025-09-19,POOH-TOTE,23634,26,143,123,1
2025-09-20,STITCH-TEE-OVR,7560,20,73,357,1
2025-09-20,STITCH-COORD-SET,4072,10,195,135,1
2025-09-20,MICKEY-HOODIE,16258,29,342,309,2
2025-09-20,DISNEY-JOGGER,10175,33,161,286,2
2025-09-20,MARVEL-CAP,31563,35,92,195,1
2025-09-20,LOONEY-CROP,7769,22,249,114,1
2025-09-20,BARBIE-DRESS,15275,17,336,134,1
2025-09-20,HP-SWEAT,8569,25,343,301,1
2025-09-20,MINIONS-SHORT,30836,34,332,329,2
2025-09-20,POOH-TOTE,6636,16,234,456,0
2025-09-21,STITCH-TEE-OVR,23840,26,277,471,1
2025-09-21,STITCH-COORD-SET,14283,35,189,157,2
2025-09-21,MICKEY-HOODIE,9528,10,190,356,0
2025-09-21,DISNEY-JOGGER,15792,36,399,145,3
2025-09-21,MARVEL-CAP,25848,31,161,306,1
2025-09-21,LOONEY-CROP,12285,17,80,241,1
2025-09-21,BARBIE-DRESS,8180,26,351,175,2
2025-09-21,HP-SWEAT,3495,7,316,119,0
2025-09-21,MINIONS-SHORT,23250,33,301,453,1
2025-09-21,POOH-TOTE,14144,34,321,482,1
2025-09-22,STITCH-TEE-OVR,20118,21,89,424,1
2025-09-22,STITCH-COORD-SET,14400,15,296,342,1
2025-09-22,MICKEY-HOODIE,26884,26,56,466,1
2025-09-22,DISNEY-JOGGER,9087,13,215,271,1
2025-09-22,MARVEL-CAP,17616,24,181,212,2
2025-09-22,LOONEY-CROP,10736,16,184,169,0
2025-09-22,BARBIE-DRESS,14800,25,118,175,1
2025-09-22,HP-SWEAT,20384,26,106,374,1
2025-09-22,MINIONS-SHORT,29133,27,107,451,1
2025-09-22,POOH-TOTE,4680,9,254,145,1
2025-09-23,STITCH-TEE-OVR,11115,15,113,480,0
2025-09-23,STITCH-COORD-SET,22368,24,298,481,1
2025-09-23,MICKEY-HOODIE,4040,10,190,390,0
2025-09-23,DISNEY-JOGGER,7579,13,144,447,0
2025-09-23,MARVEL-CAP,22760,20,119,202,1
2025-09-23,LOONEY-CROP,7616,17,243,422,1
2025-09-23,BARBIE-DRESS,11492,26,236,346,2
2025-09-23,HP-SWEAT,6309,9,50,363,1
2025-09-23,MINIONS-SHORT,7320,15,239,238,0
2025-09-23,POOH-TOTE,33460,28,90,363,2
2025-09-24,STITCH-TEE-OVR,3780,7,63,486,0
2025-09-24,STITCH-COORD-SET,5262,6,84,270,0
2025-09-24,MICKEY-HOODIE,9295,11,81,209,1
2025-09-24,DISNEY-JOGGER,3952,8,188,350,0
2025-09-24,MARVEL-CAP,6804,6,154,313,0
2025-09-24,LOONEY-CROP,10252,11,160,373,0
2025-09-24,BARBIE-DRESS,17089,23,125,320,0
2025-09-24,HP-SWEAT,19929,21,131,246,1
2025-09-24,MINIONS-SHORT,26136,27,255,268,1
2025-09-24,POOH-TOTE,18756,18,168,169,0
2025-09-25,STITCH-TEE-OVR,5530,10,234,382,0
2025-09-25,STITCH-COORD-SET,11737,11,109,238,1
2025-09-25,MICKEY-HOODIE,21394,19,185,211,1
2025-09-25,DISNEY-JOGGER,8344,14,66,251,0
2025-09-25,MARVEL-CAP,27025,25,232,123,2
2025-09-25,LOONEY-CROP,13596,22,185,228,2
2025-09-25,BARBIE-DRESS,8073,13,223,230,0
2025-09-25,HP-SWEAT,2826,6,273,431,0
2025-09-25,MINIONS-SHORT,29670,30,217,290,2
2025-09-25,POOH-TOTE,11676,28,272,499,1
2025-09-26,STITCH-TEE-OVR,16164,18,72,266,1
2025-09-26,STITCH-COORD-SET,23012,22,280,323,1
2025-09-26,MICKEY-HOODIE,13881,21,112,137,0
2025-09-26,DISNEY-JOGGER,12133,11,299,219,1
2025-09-26,MARVEL-CAP,15080,13,246,480,1
2025-09-26,LOONEY-CROP,8190,15,186,193,1
2025-09-26,BARBIE-DRESS,2530,5,256,204,0
2025-09-26,HP-SWEAT,15535,13,128,331,0
2025-09-26,MINIONS-SHORT,5052,6,67,245,0
2025-09-26,POOH-TOTE,5808,11,201,465,0
2025-09-27,STITCH-TEE-OVR,15210,23,112,479,1
2025-09-27,STITCH-COORD-SET,6633,12,255,220,0
2025-09-27,MICKEY-HOODIE,4956,16,384,165,1
2025-09-27,DISNEY-JOGGER,29010,39,125,249,1
2025-09-27,MARVEL-CAP,5435,7,272,332,0
2025-09-27,LOONEY-CROP,9480,10,259,145,0
2025-09-27,BARBIE-DRESS,23920,34,389,152,1
2025-09-27,HP-SWEAT,15246,23,340,324,1
2025-09-27,MINIONS-SHORT,10900,33,136,255,1
2025-09-27,POOH-TOTE,15054,17,109,271,1
2025-09-28,STITCH-TEE-OVR,4488,14,71,355,0
2025-09-28,STITCH-COORD-SET,19680,39,172,391,3
2025-09-28,MICKEY-HOODIE,31668,38,151,142,3
2025-09-28,DISNEY-JOGGER,20406,25,315,488,2
2025-09-28,MARVEL-CAP,18279,35,139,256,2
2025-09-28,LOONEY-CROP,7837,22,227,187,1
2025-09-28,BARBIE-DRESS,21185,25,339,418,1
2025-09-28,HP-SWEAT,11248,21,227,176,1
2025-09-28,MINIONS-SHORT,15568,21,111,461,1
2025-09-28,POOH-TOTE,10080,27,195,111,1
2025-09-29,STITCH-TEE-OVR,18900,25,217,147,2
2025-09-29,STITCH-COORD-SET,13832,26,145,460,1
2025-09-29,MICKEY-HOODIE,5040,6,189,374,0
2025-09-29,DISNEY-JOGGER,21546,19,172,473,0
2025-09-29,MARVEL-CAP,11462,11,97,367,0
2025-09-29,LOONEY-CROP,8848,8,155,280,0
2025-09-29,BARBIE-DRESS,31440,30,144,326,1
2025-09-29,HP-SWEAT,10480,20,176,497,1
2025-09-29,MINIONS-SHORT,8426,11,245,122,1
2025-09-29,POOH-TOTE,13398,29,115,286,2
2025-09-30,STITCH-TEE-OVR,19674,18,268,159,1
2025-09-30,STITCH-COORD-SET,25925,25,210,321,1
2025-09-30,MICKEY-HOODIE,18504,18,52,456,0
2025-09-30,DISNEY-JOGGER,12096,14,208,148,1
2025-09-30,MARVEL-CAP,12002,17,131,297,1
2025-09-30,LOONEY-CROP,12663,27,172,442,2
2025-09-30,BARBIE-DRESS,7557,11,194,420,1
2025-09-30,HP-SWEAT,11957,11,268,192,0
2025-09-30,MINIONS-SHORT,16169,23,168,152,1
2025-09-30,POOH-TOTE,3915,9,162,451,1
2025-10-01,STITCH-TEE-OVR,5517,9,270,455,1
2025-10-01,STITCH-COORD-SET,10647,21,233,128,1
2025-10-01,MICKEY-HOODIE,13804,29,240,208,1
2025-10-01,DISNEY-JOGGER,21945,19,144,358,1
2025-10-01,MARVEL-CAP,6675,15,176,128,1
2025-10-01,LOONEY-CROP,16755,15,245,189,0
2025-10-01,BARBIE-DRESS,21126,21,92,116,1
2025-10-01,HP-SWEAT,4992,6,85,429,0
2025-10-01,MINIONS-SHORT,20875,25,98,298,2
2025-10-01,POOH-TOTE,31530,30,204,259,1
2025-10-02,STITCH-TEE-OVR,17934,21,146,121,1
2025-10-02,STITCH-COORD-SET,11200,20,178,196,1
2025-10-02,MICKEY-HOODIE,13548,12,202,339,1
2025-10-02,DISNEY-JOGGER,24150,23,120,213,1
2025-10-02,MARVEL-CAP,5568,6,297,390,0
2025-10-02,LOONEY-CROP,16303,17,81,336,1
2025-10-02,BARBIE-DRESS,5316,12,98,448,1
2025-10-02,HP-SWEAT,13872,16,156,287,1
2025-10-02,MINIONS-SHORT,4956,12,105,358,1
2025-10-02,POOH-TOTE,19088,16,118,393,1
2025-10-03,STITCH-TEE-OVR,3558,6,218,483,0
2025-10-03,STITCH-COORD-SET,20980,20,219,357,2
2025-10-03,MICKEY-HOODIE,21280,19,129,497,1
2025-10-03,DISNEY-JOGGER,3660,6,232,118,0
2025-10-03,MARVEL-CAP,17490,22,224,354,1
2025-10-03,LOONEY-CROP,26516,28,199,344,1
2025-10-03,BARBIE-DRESS,7005,15,141,135,1
2025-10-03,HP-SWEAT,5682,6,129,143,0
2025-10-03,MINIONS-SHORT,16500,15,128,418,0
2025-10-03,POOH-TOTE,22563,23,143,342,1
2025-10-04,STITCH-TEE-OVR,3275,7,190,267,0
2025-10-04,STITCH-COORD-SET,7420,9,137,348,0
2025-10-04,MICKEY-HOODIE,18607,30,95,273,2
2025-10-04,DISNEY-JOGGER,9045,12,223,283,1
2025-10-04,MARVEL-CAP,4392,8,223,422,0
2025-10-04,LOONEY-CROP,26202,29,294,412,1
2025-10-04,BARBIE-DRESS,10370,13,279,291,0
2025-10-04,HP-SWEAT,4536,12,104,449,1
2025-10-04,MINIONS-SHORT,7935,20,165,227,1
2025-10-04,POOH-TOTE,9219,27,90,136,2
2025-10-05,STITCH-TEE-OVR,6600,16,419,166,1
2025-10-05,STITCH-COORD-SET,15504,25,125,279,1
2025-10-05,MICKEY-HOODIE,13416,31,280,303,1
2025-10-05,DISNEY-JOGGER,5930,13,262,406,1
2025-10-05,MARVEL-CAP,5071,14,245,168,0
2025-10-05,LOONEY-CROP,10127,17,267,383,1
2025-10-05,BARBIE-DRESS,6252,16,262,478,1
2025-10-05,HP-SWEAT,6818,18,88,423,1
2025-10-05,MINIONS-SHORT,7026,8,84,356,0
2025-10-05,POOH-TOTE,4970,9,279,209,1
2025-10-06,STITCH-TEE-OVR,7033,13,225,196,0
2025-10-06,STITCH-COORD-SET,10787,23,163,338,0
2025-10-06,MICKEY-HOODIE,5565,7,116,337,1
2025-10-06,DISNEY-JOGGER,10944,19,240,328,1
2025-10-06,MARVEL-CAP,17072,22,103,179,1
2025-10-06,LOONEY-CROP,13090,22,213,132,2
2025-10-06,BARBIE-DRESS,30394,26,250,244,1
2025-10-06,HP-SWEAT,24679,23,101,368,1
2025-10-06,MINIONS-SHORT,5260,10,73,465,1
2025-10-06,POOH-TOTE,13860,15,59,474,1
2025-10-07,STITCH-TEE-OVR,12334,14,261,240,1
2025-10-07,STITCH-COORD-SET,8466,17,286,470,1
2025-10-07,MICKEY-HOODIE,19465,17,206,320,1
2025-10-07,DISNEY-JOGGER,7839,13,51,151,1
2025-10-07,MARVEL-CAP,27260,29,256,171,1
2025-10-07,LOONEY-CROP,17803,19,299,438,1
2025-10-07,BARBIE-DRESS,6544,16,52,121,0
2025-10-07,HP-SWEAT,8589,21,288,492,1
2025-10-07,MINIONS-SHORT,10296,22,292,230,0
2025-10-07,POOH-TOTE,12121,17,94,289,1
2025-10-08,STITCH-TEE-OVR,19839,17,224,242,0
2025-10-08,STITCH-COORD-SET,3635,5,140,466,0
2025-10-08,MICKEY-HOODIE,20064,19,53,422,1
2025-10-08,DISNEY-JOGGER,26268,22,142,305,1
2025-10-08,MARVEL-CAP,16359,19,107,489,1
2025-10-08,LOONEY-CROP,13410,15,206,158,1
2025-10-08,BARBIE-DRESS,5512,13,130,246,1
2025-10-08,HP-SWEAT,18445,17,122,179,1
2025-10-08,MINIONS-SHORT,6246,9,280,230,0
2025-10-08,POOH-TOTE,16150,25,275,272,2
2025-10-09,STITCH-TEE-OVR,3451,7,78,299,0
2025-10-09,STITCH-COORD-SET,14700,25,156,488,1
2025-10-09,MICKEY-HOODIE,21318,22,164,496,0
2025-10-09,DISNEY-JOGGER,18508,28,57,167,2
2025-10-09,MARVEL-CAP,15624,18,146,409,1
2025-10-09,LOONEY-CROP,3542,7,170,283,0
2025-10-09,BARBIE-DRESS,3654,6,206,449,0
2025-10-09,HP-SWEAT,22632,23,217,366,2
2025-10-09,MINIONS-SHORT,16821,27,62,117,1
2025-10-09,POOH-TOTE,14261,13,98,467,1
2025-10-10,STITCH-TEE-OVR,14490,15,243,106,1
2025-10-10,STITCH-COORD-SET,7504,14,194,295,1
2025-10-10,MICKEY-HOODIE,12350,26,253,408,1
2025-10-10,DISNEY-JOGGER,12386,11,180,237,1
2025-10-10,MARVEL-CAP,29058,29,164,494,2
2025-10-10,LOONEY-CROP,31472,28,144,303,1
2025-10-10,BARBIE-DRESS,21357,21,190,488,2
2025-10-10,HP-SWEAT,26266,23,261,255,2
2025-10-10,MINIONS-SHORT,20970,30,109,175,2
2025-10-10,POOH-TOTE,15164,17,157,252,1
2025-10-11,STITCH-TEE-OVR,22980,26,343,184,1
2025-10-11,STITCH-COORD-SET,24678,35,407,101,2
2025-10-11,MICKEY-HOODIE,8169,9,127,265,0
2025-10-11,DISNEY-JOGGER,13460,26,272,385,2
2025-10-11,MARVEL-CAP,11480,36,129,461,3
2025-10-11,LOONEY-CROP,8400,18,218,162,1
2025-10-11,BARBIE-DRESS,7854,9,372,164,1
2025-10-11,HP-SWEAT,16695,20,99,239,1
2025-10-11,MINIONS-SHORT,11960,34,227,335,1
2025-10-11,POOH-TOTE,6102,12,189,263,0
2025-10-12,STITCH-TEE-OVR,26375,33,266,319,1
2025-10-12,STITCH-COORD-SET,28134,35,221,264,1
2025-10-12,MICKEY-HOODIE,15580,26,377,299,1
2025-10-12,DISNEY-JOGGER,7770,13,92,298,1
2025-10-12,MARVEL-CAP,17580,39,186,466,2
2025-10-12,LOONEY-CROP,7560,23,396,129,1
2025-10-12,BARBIE-DRESS,9660,18,395,393,1
2025-10-12,HP-SWEAT,10800,31,221,119,1
2025-10-12,MINIONS-SHORT,9270,12,297,262,0
2025-10-12,POOH-TOTE,3717,9,141,249,0
2025-10-13,STITCH-TEE-OVR,7002,6,205,377,0
2025-10-13,STITCH-COORD-SET,10712,13,298,250,1
2025-10-13,MICKEY-HOODIE,27600,24,57,118,1
2025-10-13,DISNEY-JOGGER,14868,14,272,427,1
2025-10-13,MARVEL-CAP,14322,21,219,383,1
2025-10-13,LOONEY-CROP,21494,22,51,361,0
2025-10-13,BARBIE-DRESS,18120,24,195,182,1
2025-10-13,HP-SWEAT,15778,23,125,326,2
2025-10-13,MINIONS-SHORT,16320,15,294,271,0
2025-10-13,POOH-TOTE,14686,14,276,400,1
2025-10-14,STITCH-TEE-OVR,8710,10,61,219,1
2025-10-14,STITCH-COORD-SET,5656,8,270,388,0
2025-10-14,MICKEY-HOODIE,15447,19,212,278,1
2025-10-14,DISNEY-JOGGER,8946,21,116,410,1
2025-10-14,MARVEL-CAP,18522,18,185,153,1
2025-10-14,LOONEY-CROP,13640,22,112,364,1
2025-10-14,BARBIE-DRESS,12208,14,183,420,1
2025-10-14,HP-SWEAT,26078,26,95,331,1
2025-10-14,MINIONS-SHORT,27960,30,145,163,2
2025-10-14,POOH-TOTE,14868,28,153,164,1
2025-10-15,STITCH-TEE-OVR,29029,29,239,301,1
2025-10-15,STITCH-COORD-SET,9054,18,133,349,1
2025-10-15,MICKEY-HOODIE,17892,28,247,398,1
2025-10-15,DISNEY-JOGGER,12768,28,211,407,2
2025-10-15,MARVEL-CAP,6957,9,234,486,0
2025-10-15,LOONEY-CROP,9451,13,242,456,1
2025-10-15,BARBIE-DRESS,2720,5,73,154,0
2025-10-15,HP-SWEAT,25208,23,173,157,1
2025-10-15,MINIONS-SHORT,7876,11,225,397,1
2025-10-15,POOH-TOTE,17516,29,138,441,1
2025-10-16,STITCH-TEE-OVR,20043,17,89,265,0
2025-10-16,STITCH-COORD-SET,33068,28,99,404,2
2025-10-16,MICKEY-HOODIE,7839,13,259,449,0
2025-10-16,DISNEY-JOGGER,24853,29,169,211,1
2025-10-16,MARVEL-CAP,4230,9,182,189,0
2025-10-16,LOONEY-CROP,13104,13,158,452,0
2025-10-16,BARBIE-DRESS,13284,18,272,202,1
2025-10-16,HP-SWEAT,6258,6,73,145,0
2025-10-16,MINIONS-SHORT,18180,30,237,256,2
2025-10-16,POOH-TOTE,11320,10,152,211,0
2025-10-17,STITCH-TEE-OVR,11760,21,126,168,2
2025-10-17,STITCH-COORD-SET,25014,22,69,268,1
2025-10-17,MICKEY-HOODIE,11700,10,299,276,1
2025-10-17,DISNEY-JOGGER,13024,11,272,208,1
2025-10-17,MARVEL-CAP,6129,9,218,140,1
2025-10-17,LOONEY-CROP,24388,26,72,173,2
2025-10-17,BARBIE-DRESS,13524,23,193,121,1
2025-10-17,HP-SWEAT,7884,12,251,366,0
2025-10-17,MINIONS-SHORT,26163,27,216,142,2
2025-10-17,POOH-TOTE,4060,10,110,372,0
2025-10-18,STITCH-TEE-OVR,2718,8,248,204,1
2025-10-18,STITCH-COORD-SET,11170,13,109,413,1
2025-10-18,MICKEY-HOODIE,5874,8,356,238,1
2025-10-18,DISNEY-JOGGER,9156,27,80,291,2
2025-10-18,MARVEL-CAP,3715,7,339,263,0
2025-10-18,LOONEY-CROP,13824,23,218,232,1
2025-10-18,BARBIE-DRESS,12096,36,203,377,1
2025-10-18,HP-SWEAT,8370,12,234,419,1
2025-10-18,MINIONS-SHORT,25530,39,370,490,1
2025-10-18,POOH-TOTE,5850,13,123,418,1
2025-10-19,STITCH-TEE-OVR,12844,17,277,220,1
2025-10-19,STITCH-COORD-SET,17904,21,175,269,1
2025-10-19,MICKEY-HOODIE,34410,39,332,129,1
2025-10-19,DISNEY-JOGGER,14960,21,97,472,1
2025-10-19,MARVEL-CAP,3689,9,134,431,0
2025-10-19,LOONEY-CROP,4362,8,323,323,0
2025-10-19,BARBIE-DRESS,6448,17,315,163,1
2025-10-19,HP-SWEAT,3978,12,216,234,1
2025-10-19,MINIONS-SHORT,23693,38,238,205,3
2025-10-19,POOH-TOTE,25172,36,196,495,3
2025-10-20,STITCH-TEE-OVR,22200,24,202,368,1
2025-10-20,STITCH-COORD-SET,15510,22,79,252,2
2025-10-20,MICKEY-HOODIE,4491,9,172,419,0
2025-10-20,DISNEY-JOGGER,12726,18,138,344,1
2025-10-20,MARVEL-CAP,8041,11,68,128,1
2025-10-20,LOONEY-CROP,5726,7,172,108,0
2025-10-20,BARBIE-DRESS,6696,8,232,196,0
2025-10-20,HP-SWEAT,6864,6,107,312,0
2025-10-20,MINIONS-SHORT,23544,24,273,210,1
2025-10-20,POOH-TOTE,6618,6,251,339,0
2025-10-21,STITCH-TEE-OVR,5488,7,135,369,0
2025-10-21,STITCH-COORD-SET,7688,8,247,265,1
2025-10-21,MICKEY-HOODIE,13635,27,69,427,1
2025-10-21,DISNEY-JOGGER,12012,13,51,188,1
2025-10-21,MARVEL-CAP,13504,16,276,114,0
2025-10-21,LOONEY-CROP,18600,25,137,330,1
2025-10-21,BARBIE-DRESS,20262,22,272,131,1
2025-10-21,HP-SWEAT,13545,15,61,125,1
2025-10-21,MINIONS-SHORT,12957,21,251,196,1
2025-10-21,POOH-TOTE,7830,18,160,485,1
2025-10-22,STITCH-TEE-OVR,19494,27,257,285,1
2025-10-22,STITCH-COORD-SET,7749,9,130,434,1
2025-10-22,MICKEY-HOODIE,9856,14,150,297,1
2025-10-22,DISNEY-JOGGER,17862,26,173,464,1
2025-10-22,MARVEL-CAP,12661,11,263,401,1
2025-10-22,LOONEY-CROP,16300,20,254,146,1
2025-10-22,BARBIE-DRESS,14064,24,166,174,1
2025-10-22,HP-SWEAT,6858,6,118,177,0
2025-10-22,MINIONS-SHORT,4800,10,78,174,0
2025-10-22,POOH-TOTE,5290,5,140,135,0
2025-10-23,STITCH-TEE-OVR,10040,10,216,337,0
2025-10-23,STITCH-COORD-SET,6699,7,170,204,0
2025-10-23,MICKEY-HOODIE,29646,27,129,190,1
2025-10-23,DISNEY-JOGGER,7728,16,221,409,1
2025-10-23,MARVEL-CAP,20070,18,126,112,1
2025-10-23,LOONEY-CROP,13293,21,128,283,0
2025-10-23,BARBIE-DRESS,12926,23,158,127,1
2025-10-23,HP-SWEAT,25234,22,90,218,2
2025-10-23,MINIONS-SHORT,13916,28,70,488,2
2025-10-23,POOH-TOTE,8710,10,76,194,0
2025-10-24,STITCH-TEE-OVR,10625,25,249,330,2
2025-10-24,STITCH-COORD-SET,22446,29,63,356,1
2025-10-24,MICKEY-HOODIE,22416,24,68,312,0
2025-10-24,DISNEY-JOGGER,7176,8,90,444,0
2025-10-24,MARVEL-CAP,23552,23,109,102,0
2025-10-24,LOONEY-CROP,6816,6,298,130,0
2025-10-24,BARBIE-DRESS,3672,9,119,360,0
2025-10-24,HP-SWEAT,16416,16,289,392,1
2025-10-24,MINIONS-SHORT,17082,18,144,449,1
2025-10-24,POOH-TOTE,5720,10,294,265,0
2025-10-25,STITCH-TEE-OVR,17323,22,263,367,2
2025-10-25,STITCH-COORD-SET,7631,17,287,393,1
2025-10-25,MICKEY-HOODIE,12792,34,354,116,2
2025-10-25,DISNEY-JOGGER,18550,33,410,273,1
2025-10-25,MARVEL-CAP,15030,23,315,204,2
2025-10-25,LOONEY-CROP,19305,35,410,273,1
2025-10-25,BARBIE-DRESS,12801,22,74,239,1
2025-10-25,HP-SWEAT,12640,26,342,207,1
2025-10-25,MINIONS-SHORT,9035,17,167,397,1
2025-10-25,POOH-TOTE,18207,27,336,403,1
2025-10-26,STITCH-TEE-OVR,21551,30,308,252,2
2025-10-26,STITCH-COORD-SET,19624,29,214,249,2
2025-10-26,MICKEY-HOODIE,20108,29,102,334,2
2025-10-26,DISNEY-JOGGER,15420,39,357,329,2
2025-10-26,MARVEL-CAP,16840,26,262,454,1
2025-10-26,LOONEY-CROP,10127,25,419,330,2
2025-10-26,BARBIE-DRESS,12972,30,370,177,1
2025-10-26,HP-SWEAT,12474,35,419,405,1
2025-10-26,MINIONS-SHORT,25320,39,333,271,3
2025-10-26,POOH-TOTE,27060,39,385,393,1
2025-10-27,STITCH-TEE-OVR,11385,23,266,470,1
2025-10-27,STITCH-COORD-SET,31560,30,254,207,2
2025-10-27,MICKEY-HOODIE,3840,6,171,490,0
2025-10-27,DISNEY-JOGGER,17150,25,178,205,1
2025-10-27,MARVEL-CAP,24510,30,56,254,2
2025-10-27,LOONEY-CROP,23268,28,230,395,2
2025-10-27,BARBIE-DRESS,8320,20,95,105,1
2025-10-27,HP-SWEAT,15504,17,258,467,1
2025-10-27,MINIONS-SHORT,3380,5,248,248,0
2025-10-27,POOH-TOTE,9960,12,84,295,1
2025-10-28,STITCH-TEE-OVR,8832,16,85,290,1
2025-10-28,STITCH-COORD-SET,21225,25,176,181,1
2025-10-28,MICKEY-HOODIE,5700,5,300,143,0
2025-10-28,DISNEY-JOGGER,6146,7,292,347,0
2025-10-28,MARVEL-CAP,18538,23,222,156,1
2025-10-28,LOONEY-CROP,10175,25,278,251,1
2025-10-28,BARBIE-DRESS,14235,15,85,342,0
2025-10-28,HP-SWEAT,14778,18,267,319,1
2025-10-28,MINIONS-SHORT,25380,30,91,454,1
2025-10-28,POOH-TOTE,5337,9,166,461,1
2025-10-29,STITCH-TEE-OVR,12879,27,172,449,1
2025-10-29,STITCH-COORD-SET,24771,23,153,262,0
2025-10-29,MICKEY-HOODIE,15080,13,248,267,1
2025-10-29,DISNEY-JOGGER,31612,28,62,292,2
2025-10-29,MARVEL-CAP,16212,14,179,452,1
2025-10-29,LOONEY-CROP,13460,20,122,174,2
2025-10-29,BARBIE-DRESS,4908,6,136,138,0
2025-10-29,HP-SWEAT,4580,5,109,205,0
2025-10-29,MINIONS-SHORT,3845,5,251,247,0
2025-10-29,POOH-TOTE,14160,15,176,378,1
2025-10-30,STITCH-TEE-OVR,15255,27,271,368,1
2025-10-30,STITCH-COORD-SET,11868,23,292,425,2
2025-10-30,MICKEY-HOODIE,20412,28,107,376,1
2025-10-30,DISNEY-JOGGER,4065,5,55,251,0
2025-10-30,MARVEL-CAP,27927,29,207,289,2
2025-10-30,LOONEY-CROP,7542,9,250,445,1
2025-10-30,BARBIE-DRESS,25402,26,239,340,1
2025-10-30,HP-SWEAT,30421,29,52,473,2
2025-10-30,MINIONS-SHORT,6360,8,125,495,0
2025-10-30,POOH-TOTE,9720,24,296,405,1
2025-10-31,STITCH-TEE-OVR,21494,22,174,320,0
2025-10-31,STITCH-COORD-SET,24302,29,185,425,1
2025-10-31,MICKEY-HOODIE,14910,14,278,184,0
2025-10-31,DISNEY-JOGGER,5824,13,194,173,1
2025-10-31,MARVEL-CAP,23780,20,212,255,1
2025-10-31,LOONEY-CROP,9675,15,218,463,1
2025-10-31,BARBIE-DRESS,9680,11,224,446,1
2025-10-31,HP-SWEAT,5514,6,219,170,0
2025-10-31,MINIONS-SHORT,6156,6,139,105,0
2025-10-31,POOH-TOTE,21840,24,115,314,1
2025-11-01,STITCH-TEE-OVR,14196,27,175,293,2
2025-11-01,STITCH-COORD-SET,13182,34,185,365,3
2025-11-01,MICKEY-HOODIE,12792,34,353,345,1
2025-11-01,DISNEY-JOGGER,9040,10,78,149,0
2025-11-01,MARVEL-CAP,11010,13,157,409,1
2025-11-01,LOONEY-CROP,5103,9,266,312,0
2025-11-01,BARBIE-DRESS,4333,9,283,425,0
2025-11-01,HP-SWEAT,5040,10,133,388,1
2025-11-01,MINIONS-SHORT,16976,21,330,344,0
2025-11-01,POOH-TOTE,12720,39,80,304,3
2025-11-02,STITCH-TEE-OVR,7040,13,202,294,0
2025-11-02,STITCH-COORD-SET,29493,38,378,347,3
2025-11-02,MICKEY-HOODIE,5824,17,385,416,0
2025-11-02,DISNEY-JOGGER,7083,12,136,197,1
2025-11-02,MARVEL-CAP,31941,35,83,490,2
2025-11-02,LOONEY-CROP,9006,25,116,310,2
2025-11-02,BARBIE-DRESS,13188,27,382,342,2
2025-11-02,HP-SWEAT,7576,10,91,454,0
2025-11-02,MINIONS-SHORT,25320,39,287,438,2
2025-11-02,POOH-TOTE,4968,16,361,185,1
2025-11-03,STITCH-TEE-OVR,15645,21,279,327,1
2025-11-03,STITCH-COORD-SET,15918,14,246,111,1
2025-11-03,MICKEY-HOODIE,8496,18,226,133,1
2025-11-03,DISNEY-JOGGER,7668,18,230,271,1
2025-11-03,MARVEL-CAP,23171,29,298,189,1
2025-11-03,LOONEY-CROP,21375,25,51,302,2
2025-11-03,BARBIE-DRESS,3890,5,277,333,0
2025-11-03,HP-SWEAT,4915,5,172,246,0
2025-11-03,MINIONS-SHORT,5946,6,177,206,0
2025-11-03,POOH-TOTE,5085,5,220,359,0
2025-11-04,STITCH-TEE-OVR,8636,17,101,156,0
2025-11-04,STITCH-COORD-SET,2418,6,267,404,0
2025-11-04,MICKEY-HOODIE,14385,21,159,489,1
2025-11-04,DISNEY-JOGGER,14728,28,176,284,1
2025-11-04,MARVEL-CAP,22069,29,251,163,2
2025-11-04,LOONEY-CROP,15664,22,54,187,2
2025-11-04,BARBIE-DRESS,7650,17,213,325,1
2025-11-04,HP-SWEAT,18225,25,248,120,1
2025-11-04,MINIONS-SHORT,30421,29,194,408,1
2025-11-04,POOH-TOTE,15200,20,287,393,1
2025-11-05,STITCH-TEE-OVR,8073,13,131,432,1
2025-11-05,STITCH-COORD-SET,15341,29,286,281,2
2025-11-05,MICKEY-HOODIE,8757,21,211,135,0
2025-11-05,DISNEY-JOGGER,18800,20,75,213,1
2025-11-05,MARVEL-CAP,15561,13,223,275,0
2025-11-05,LOONEY-CROP,28170,30,279,136,2
2025-11-05,BARBIE-DRESS,11232,27,220,205,2
2025-11-05,HP-SWEAT,12240,17,272,340,1
2025-11-05,MINIONS-SHORT,11836,22,276,323,1
2025-11-05,POOH-TOTE,12714,13,264,396,0
2025-11-06,STITCH-TEE-OVR,14076,18,220,169,0
2025-11-06,STITCH-COORD-SET,24206,26,132,103,2
2025-11-06,MICKEY-HOODIE,21880,20,220,444,1
2025-11-06,DISNEY-JOGGER,10258,23,134,498,1
2025-11-06,MARVEL-CAP,13884,12,296,108,1
2025-11-06,LOONEY-CROP,13281,19,220,387,1
2025-11-06,BARBIE-DRESS,6198,6,228,228,0
2025-11-06,HP-SWEAT,26000,26,232,392,2
2025-11-06,MINIONS-SHORT,10668,21,127,469,1
2025-11-06,POOH-TOTE,12019,17,60,400,1
2025-11-07,STITCH-TEE-OVR,9197,17,226,246,1
2025-11-07,STITCH-COORD-SET,16515,15,151,152,1
2025-11-07,MICKEY-HOODIE,10224,12,113,449,0
2025-11-07,DISNEY-JOGGER,5600,14,287,149,1
2025-11-07,MARVEL-CAP,9198,9,284,376,1
2025-11-07,LOONEY-CROP,7984,16,75,461,1
2025-11-07,BARBIE-DRESS,21474,18,100,391,1
2025-11-07,HP-SWEAT,19872,27,94,125,2
2025-11-07,MINIONS-SHORT,8595,15,78,417,1
2025-11-07,POOH-TOTE,19440,27,91,117,2
2025-11-08,STITCH-TEE-OVR,14131,17,413,214,1
2025-11-08,STITCH-COORD-SET,20140,26,256,368,2
2025-11-08,MICKEY-HOODIE,8860,13,354,116,1
2025-11-08,DISNEY-JOGGER,21970,34,304,333,2
2025-11-08,MARVEL-CAP,5382,8,256,405,1
2025-11-08,LOONEY-CROP,7254,17,98,146,1
2025-11-08,BARBIE-DRESS,20010,38,181,441,1
2025-11-08,HP-SWEAT,13050,38,120,460,2
2025-11-08,MINIONS-SHORT,5910,8,92,465,0
2025-11-08,POOH-TOTE,12804,29,174,317,2
2025-11-09,STITCH-TEE-OVR,7322,9,251,164,1
2025-11-09,STITCH-COORD-SET,6860,13,316,351,1
2025-11-09,MICKEY-HOODIE,12012,16,342,352,1
2025-11-09,DISNEY-JOGGER,4221,12,167,469,1
2025-11-09,MARVEL-CAP,20412,27,197,106,2
2025-11-09,LOONEY-CROP,28080,35,344,334,2
2025-11-09,BARBIE-DRESS,5203,14,148,482,1
2025-11-09,HP-SWEAT,17752,36,332,385,2
2025-11-09,MINIONS-SHORT,4192,10,80,172,0
2025-11-09,POOH-TOTE,15106,18,391,269,1
2025-11-10,STITCH-TEE-OVR,3712,8,59,349,0
2025-11-10,STITCH-COORD-SET,11628,18,281,133,1
2025-11-10,MICKEY-HOODIE,7136,16,157,214,0
2025-11-10,DISNEY-JOGGER,6501,11,223,300,0
2025-11-10,MARVEL-CAP,4263,7,295,444,0
2025-11-10,LOONEY-CROP,22946,22,198,407,0
2025-11-10,BARBIE-DRESS,19173,21,278,390,2
2025-11-10,HP-SWEAT,7290,9,223,270,1
2025-11-10,MINIONS-SHORT,11752,13,272,314,1
2025-11-10,POOH-TOTE,3648,6,212,233,0
2025-11-11,STITCH-TEE-OVR,21634,29,87,292,1
2025-11-11,STITCH-COORD-SET,8793,9,80,433,0
2025-11-11,MICKEY-HOODIE,10368,18,263,127,1
2025-11-11,DISNEY-JOGGER,11880,18,76,370,1
2025-11-11,MARVEL-CAP,14144,16,95,193,1
2025-11-11,LOONEY-CROP,11214,18,289,136,1
2025-11-11,BARBIE-DRESS,6736,8,264,355,0
2025-11-11,HP-SWEAT,14280,12,260,170,0
2025-11-11,MINIONS-SHORT,6919,17,203,221,1
2025-11-11,POOH-TOTE,11016,24,201,124,2
2025-11-12,STITCH-TEE-OVR,7185,15,244,124,1
2025-11-12,STITCH-COORD-SET,26250,30,195,281,1
2025-11-12,MICKEY-HOODIE,7424,8,139,151,0
2025-11-12,DISNEY-JOGGER,7821,9,245,340,1
2025-11-12,MARVEL-CAP,11172,14,83,369,1
2025-11-12,LOONEY-CROP,13132,28,217,393,1
2025-11-12,BARBIE-DRESS,13524,14,135,102,1
2025-11-12,HP-SWEAT,21810,30,174,219,1
2025-11-12,MINIONS-SHORT,10476,9,214,379,1
2025-11-12,POOH-TOTE,20281,17,180,321,1
2025-11-13,STITCH-TEE-OVR,31530,30,229,363,1
2025-11-13,STITCH-COORD-SET,19728,18,117,197,1
2025-11-13,MICKEY-HOODIE,10095,15,179,397,1
2025-11-13,DISNEY-JOGGER,10332,9,132,307,0
2025-11-13,MARVEL-CAP,17347,19,229,424,1
2025-11-13,LOONEY-CROP,30290,26,294,466,2
2025-11-13,BARBIE-DRESS,17835,29,160,355,1
2025-11-13,HP-SWEAT,19068,21,155,115,1
2025-11-13,MINIONS-SHORT,5698,11,198,352,1
2025-11-13,POOH-TOTE,31436,29,170,437,1
2025-11-14,STITCH-TEE-OVR,20272,28,94,283,1
2025-11-14,STITCH-COORD-SET,18510,30,90,376,2
2025-11-14,MICKEY-HOODIE,15680,28,131,130,2
2025-11-14,DISNEY-JOGGER,10830,15,164,262,1
2025-11-14,MARVEL-CAP,35760,30,51,322,2
2025-11-14,LOONEY-CROP,23499,21,179,192,1
2025-11-14,BARBIE-DRESS,5040,10,89,167,1
2025-11-14,HP-SWEAT,12045,11,128,475,0
2025-11-14,MINIONS-SHORT,23828,23,277,111,1
2025-11-14,POOH-TOTE,11298,21,209,161,2
2025-11-15,STITCH-TEE-OVR,8295,20,405,274,1
2025-11-15,STITCH-COORD-SET,11895,17,165,418,1
2025-11-15,MICKEY-HOODIE,8352,10,363,110,1
2025-11-15,DISNEY-JOGGER,7580,13,263,441,0
2025-11-15,MARVEL-CAP,20592,34,377,155,1
2025-11-15,LOONEY-CROP,12208,21,370,247,1
2025-11-15,BARBIE-DRESS,5256,8,167,310,0
2025-11-15,HP-SWEAT,8631,12,154,482,1
2025-11-15,MINIONS-SHORT,16620,26,196,325,1
2025-11-15,POOH-TOTE,6727,9,185,294,0
2025-11-16,STITCH-TEE-OVR,16779,27,158,305,2
2025-11-16,STITCH-COORD-SET,23121,27,342,313,2
2025-11-16,MICKEY-HOODIE,13452,25,85,175,2
2025-11-16,DISNEY-JOGGER,25850,33,188,301,2
2025-11-16,MARVEL-CAP,6006,18,407,234,1
2025-11-16,LOONEY-CROP,11336,17,251,480,1
2025-11-16,BARBIE-DRESS,23113,38,372,385,3
2025-11-16,HP-SWEAT,13260,17,304,299,1
2025-11-16,MINIONS-SHORT,27192,31,280,390,2
2025-11-16,POOH-TOTE,10152,31,102,109,1
2025-11-17,STITCH-TEE-OVR,32799,29,294,460,2
2025-11-17,STITCH-COORD-SET,30090,30,287,240,1
2025-11-17,MICKEY-HOODIE,7472,16,115,315,0
2025-11-17,DISNEY-JOGGER,14766,23,276,450,1
2025-11-17,MARVEL-CAP,15680,16,113,143,0
2025-11-17,LOONEY-CROP,4923,9,110,494,1
2025-11-17,BARBIE-DRESS,12528,24,251,274,2
2025-11-17,HP-SWEAT,24416,28,137,431,1
2025-11-17,MINIONS-SHORT,24360,29,255,240,2
2025-11-17,POOH-TOTE,21402,29,274,198,2
2025-11-18,STITCH-TEE-OVR,8424,12,274,451,1
2025-11-18,STITCH-COORD-SET,18425,25,141,295,1
2025-11-18,MICKEY-HOODIE,8463,13,65,248,1
2025-11-18,DISNEY-JOGGER,24822,21,174,215,1
2025-11-18,MARVEL-CAP,15386,14,146,255,1
2025-11-18,LOONEY-CROP,11475,17,166,297,1
2025-11-18,BARBIE-DRESS,6770,10,191,488,0
2025-11-18,HP-SWEAT,21384,22,269,384,1
2025-11-18,MINIONS-SHORT,19988,19,139,261,1
2025-11-18,POOH-TOTE,32509,29,153,158,1
2025-11-19,STITCH-TEE-OVR,14841,17,75,364,1
2025-11-19,STITCH-COORD-SET,14906,29,115,383,1
2025-11-19,MICKEY-HOODIE,12896,13,114,335,1
2025-11-19,DISNEY-JOGGER,9548,14,99,494,0
2025-11-19,MARVEL-CAP,27430,26,60,434,1
2025-11-19,LOONEY-CROP,14931,27,215,339,2
2025-11-19,BARBIE-DRESS,18705,29,60,496,1
2025-11-19,HP-SWEAT,7452,18,199,422,1
2025-11-19,MINIONS-SHORT,14634,27,285,372,1
2025-11-19,POOH-TOTE,22500,25,128,429,2
2025-11-20,STITCH-TEE-OVR,14001,13,192,447,1
2025-11-20,STITCH-COORD-SET,13986,27,73,155,1
2025-11-20,MICKEY-HOODIE,14146,22,53,135,2
2025-11-20,DISNEY-JOGGER,9765,21,149,189,2
2025-11-20,MARVEL-CAP,18105,17,127,240,1
2025-11-20,LOONEY-CROP,3400,8,211,382,0
2025-11-20,BARBIE-DRESS,2645,5,114,130,0
2025-11-20,HP-SWEAT,9120,10,84,498,0
2025-11-20,MINIONS-SHORT,29406,26,176,394,2
2025-11-20,POOH-TOTE,18788,22,172,396,1
2025-11-21,STITCH-TEE-OVR,27916,28,238,320,2
2025-11-21,STITCH-COORD-SET,22470,30,98,440,1
2025-11-21,MICKEY-HOODIE,14532,21,156,214,2
2025-11-21,DISNEY-JOGGER,22620,29,253,407,2
2025-11-21,MARVEL-CAP,17388,21,193,142,1
2025-11-21,LOONEY-CROP,5180,5,115,353,0
2025-11-21,BARBIE-DRESS,8010,15,140,399,1
2025-11-21,HP-SWEAT,7502,11,270,365,1
2025-11-21,MINIONS-SHORT,20675,25,175,245,1
2025-11-21,POOH-TOTE,10632,12,194,285,0
2025-11-22,STITCH-TEE-OVR,3135,7,185,188,0
2025-11-22,STITCH-COORD-SET,16378,25,167,492,1
2025-11-22,MICKEY-HOODIE,9108,14,74,194,1
2025-11-22,DISNEY-JOGGER,28840,36,322,102,2
2025-11-22,MARVEL-CAP,3910,7,169,227,0
2025-11-22,LOONEY-CROP,13040,21,402,449,1
2025-11-22,BARBIE-DRESS,9405,25,322,443,1
2025-11-22,HP-SWEAT,14406,27,221,281,2
2025-11-22,MINIONS-SHORT,16308,23,398,341,2
2025-11-22,POOH-TOTE,23010,39,105,484,2
2025-11-23,STITCH-TEE-OVR,2688,8,98,251,0
2025-11-23,STITCH-COORD-SET,11225,33,300,477,1
2025-11-23,MICKEY-HOODIE,7352,10,321,279,0
2025-11-23,DISNEY-JOGGER,8775,12,354,341,0
2025-11-23,MARVEL-CAP,22116,25,386,141,2
2025-11-23,LOONEY-CROP,22708,36,272,418,1
2025-11-23,BARBIE-DRESS,13702,34,350,444,1
2025-11-23,HP-SWEAT,5230,7,248,227,1
2025-11-23,MINIONS-SHORT,18241,38,370,431,2
2025-11-23,POOH-TOTE,16308,35,389,163,2
2025-11-24,STITCH-TEE-OVR,2665,5,103,217,0
2025-11-24,STITCH-COORD-SET,5110,10,87,449,0
2025-11-24,MICKEY-HOODIE,17820,18,289,168,1
2025-11-24,DISNEY-JOGGER,13320,15,133,425,1
2025-11-24,MARVEL-CAP,13175,25,166,359,2
2025-11-24,LOONEY-CROP,16468,23,239,499,1
2025-11-24,BARBIE-DRESS,21225,25,199,321,2
2025-11-24,HP-SWEAT,4338,9,247,258,0
2025-11-24,MINIONS-SHORT,10800,27,91,191,2
2025-11-24,POOH-TOTE,12416,16,138,497,1
2025-11-25,STITCH-TEE-OVR,3704,8,97,392,0
2025-11-25,STITCH-COORD-SET,32422,29,111,348,1
2025-11-25,MICKEY-HOODIE,8464,8,128,133,0
2025-11-25,DISNEY-JOGGER,18394,17,204,218,1
2025-11-25,MARVEL-CAP,9867,23,113,390,2
2025-11-25,LOONEY-CROP,8341,19,79,127,1
2025-11-25,BARBIE-DRESS,10048,16,177,333,1
2025-11-25,HP-SWEAT,20748,21,179,138,1
2025-11-25,MINIONS-SHORT,13376,22,296,353,2
2025-11-25,POOH-TOTE,3186,6,247,150,0
2025-11-26,STITCH-TEE-OVR,3768,6,257,285,0
2025-11-26,STITCH-COORD-SET,9823,19,257,264,1
2025-11-26,MICKEY-HOODIE,19908,18,73,125,1
2025-11-26,DISNEY-JOGGER,28125,25,243,150,1
2025-11-26,MARVEL-CAP,12950,14,153,404,1
2025-11-26,LOONEY-CROP,20070,18,161,455,0
2025-11-26,BARBIE-DRESS,10738,13,66,346,0
2025-11-26,HP-SWEAT,6248,11,110,483,1
2025-11-26,MINIONS-SHORT,5705,7,70,141,0
2025-11-26,POOH-TOTE,15948,18,75,211,1
2025-11-27,STITCH-TEE-OVR,6828,6,57,329,0
2025-11-27,STITCH-COORD-SET,8176,16,243,178,0
2025-11-27,MICKEY-HOODIE,27864,27,268,350,1
2025-11-27,DISNEY-JOGGER,11530,10,242,198,1
2025-11-27,MARVEL-CAP,15930,27,168,136,2
2025-11-27,LOONEY-CROP,12121,23,231,200,2
2025-11-27,BARBIE-DRESS,24440,26,175,471,1
2025-11-27,HP-SWEAT,5900,10,101,394,0
2025-11-27,MINIONS-SHORT,4980,6,258,430,0
2025-11-27,POOH-TOTE,12936,21,266,369,1
2025-11-28,STITCH-TEE-OVR,9480,10,294,192,1
2025-11-28,STITCH-COORD-SET,30780,27,170,406,2
2025-11-28,MICKEY-HOODIE,6930,15,279,224,1
2025-11-28,DISNEY-JOGGER,14864,16,218,136,0
2025-11-28,MARVEL-CAP,20265,21,134,307,1
2025-11-28,LOONEY-CROP,28150,25,268,220,2
2025-11-28,BARBIE-DRESS,4932,6,299,384,0
2025-11-28,HP-SWEAT,6916,14,138,458,0
2025-11-28,MINIONS-SHORT,14700,15,87,491,0
2025-11-28,POOH-TOTE,7072,17,138,445,1
2025-11-29,STITCH-TEE-OVR,13464,29,118,164,2
2025-11-29,STITCH-COORD-SET,14175,20,106,284,1
2025-11-29,MICKEY-HOODIE,7168,18,251,316,1
2025-11-29,DISNEY-JOGGER,23425,33,218,361,1
2025-11-29,MARVEL-CAP,17580,26,325,420,2
2025-11-29,LOONEY-CROP,21033,25,396,291,1
2025-11-29,BARBIE-DRESS,14402,25,326,489,2
2025-11-29,HP-SWEAT,13395,25,258,385,1
2025-11-29,MINIONS-SHORT,4746,9,104,426,0
2025-11-29,POOH-TOTE,4495,7,300,342,0
2025-11-30,STITCH-TEE-OVR,10686,17,209,330,1
2025-11-30,STITCH-COORD-SET,6633,12,351,172,0
2025-11-30,MICKEY-HOODIE,11745,38,139,465,2
2025-11-30,DISNEY-JOGGER,3712,10,265,261,0
2025-11-30,MARVEL-CAP,13266,29,368,328,2
2025-11-30,LOONEY-CROP,5165,7,132,156,0
2025-11-30,BARBIE-DRESS,10770,13,307,352,1
2025-11-30,HP-SWEAT,21605,38,179,404,2
2025-11-30,MINIONS-SHORT,5978,9,168,184,0
2025-11-30,POOH-TOTE,13380,20,385,195,0
2025-12-01,STITCH-TEE-OVR,23814,21,239,308,1
2025-12-01,STITCH-COORD-SET,4836,6,154,269,0
2025-12-01,MICKEY-HOODIE,8460,12,168,371,1
2025-12-01,DISNEY-JOGGER,8018,19,238,331,1
2025-12-01,MARVEL-CAP,3920,5,58,372,0
2025-12-01,LOONEY-CROP,7756,7,118,336,0
2025-12-01,BARBIE-DRESS,22925,25,89,329,1
2025-12-01,HP-SWEAT,9537,11,111,441,0
2025-12-01,MINIONS-SHORT,4995,9,126,210,0
2025-12-01,POOH-TOTE,19228,19,234,140,0
2025-12-02,STITCH-TEE-OVR,2715,5,162,421,0
2025-12-02,STITCH-COORD-SET,29925,25,67,490,1
2025-12-02,MICKEY-HOODIE,6666,6,163,360,0
2025-12-02,DISNEY-JOGGER,9625,11,233,226,0
2025-12-02,MARVEL-CAP,7272,8,142,174,1
2025-12-02,LOONEY-CROP,8050,14,211,323,1
2025-12-02,BARBIE-DRESS,17100,19,205,136,1
2025-12-02,HP-SWEAT,21546,19,69,242,0
2025-12-02,MINIONS-SHORT,26092,22,81,345,0
2025-12-02,POOH-TOTE,7570,10,204,221,1
2025-12-03,STITCH-TEE-OVR,12915,21,103,468,2
2025-12-03,STITCH-COORD-SET,2952,6,135,216,0
2025-12-03,MICKEY-HOODIE,21168,24,207,394,2
2025-12-03,DISNEY-JOGGER,32228,28,139,326,1
2025-12-03,MARVEL-CAP,3885,7,169,487,0
2025-12-03,LOONEY-CROP,24400,25,58,445,1
2025-12-03,BARBIE-DRESS,16545,15,157,430,1
2025-12-03,HP-SWEAT,2775,5,237,418,0
2025-12-03,MINIONS-SHORT,16912,28,197,429,2
2025-12-03,POOH-TOTE,16096,16,142,408,0
2025-12-04,STITCH-TEE-OVR,9691,11,284,318,0
2025-12-04,STITCH-COORD-SET,23010,30,134,338,2
2025-12-04,MICKEY-HOODIE,7083,9,293,300,0
2025-12-04,DISNEY-JOGGER,23744,28,60,432,2
2025-12-04,MARVEL-CAP,23575,23,149,353,2
2025-12-04,LOONEY-CROP,5280,5,257,204,0
2025-12-04,BARBIE-DRESS,9218,11,189,196,1
2025-12-04,HP-SWEAT,4896,6,184,495,0
2025-12-04,MINIONS-SHORT,10320,24,214,379,2
2025-12-04,POOH-TOTE,15232,28,251,431,2
2025-12-05,STITCH-TEE-OVR,18147,23,110,422,1
2025-12-05,STITCH-COORD-SET,10530,26,232,123,1
2025-12-05,MICKEY-HOODIE,17850,15,113,424,1
2025-12-05,DISNEY-JOGGER,4670,10,193,476,1
2025-12-05,MARVEL-CAP,20871,27,79,418,1
2025-12-05,LOONEY-CROP,3690,5,220,325,0
2025-12-05,BARBIE-DRESS,7364,7,83,162,0
2025-12-05,HP-SWEAT,13776,28,97,265,1
2025-12-05,MINIONS-SHORT,12402,13,206,152,1
2025-12-05,POOH-TOTE,18145,19,82,391,1
2025-12-06,STITCH-TEE-OVR,5670,9,192,399,1
2025-12-06,STITCH-COORD-SET,4290,8,206,361,0
2025-12-06,MICKEY-HOODIE,4277,9,314,152,1
2025-12-06,DISNEY-JOGGER,12200,33,309,390,1
2025-12-06,MARVEL-CAP,29940,39,279,132,1
2025-12-06,LOONEY-CROP,14297,38,70,137,1
2025-12-06,BARBIE-DRESS,20340,26,162,193,1
2025-12-06,HP-SWEAT,24720,31,307,179,2
2025-12-06,MINIONS-SHORT,4291,9,344,330,1
2025-12-06,POOH-TOTE,14222,17,195,109,1
2025-12-07,STITCH-TEE-OVR,20068,38,407,247,3
2025-12-07,STITCH-COORD-SET,6760,10,186,464,0
2025-12-07,MICKEY-HOODIE,22230,25,210,362,1
2025-12-07,DISNEY-JOGGER,8640,16,234,101,0
2025-12-07,MARVEL-CAP,13637,17,150,201,1
2025-12-07,LOONEY-CROP,7352,10,122,356,1
2025-12-07,BARBIE-DRESS,29058,38,273,175,3
2025-12-07,HP-SWEAT,6800,10,161,475,1
2025-12-07,MINIONS-SHORT,12789,38,342,417,3
2025-12-07,POOH-TOTE,12150,23,197,259,1
2025-12-08,STITCH-TEE-OVR,20118,21,278,299,1
2025-12-08,STITCH-COORD-SET,8056,8,273,480,0
2025-12-08,MICKEY-HOODIE,8018,19,223,400,0
2025-12-08,DISNEY-JOGGER,20548,22,72,473,2
2025-12-08,MARVEL-CAP,4670,5,191,397,0
2025-12-08,LOONEY-CROP,9414,9,156,459,1
2025-12-08,BARBIE-DRESS,23828,28,99,352,2
2025-12-08,HP-SWEAT,7572,12,79,373,0
2025-12-08,MINIONS-SHORT,8379,7,111,141,0
2025-12-08,POOH-TOTE,5560,5,188,343,0
2025-12-09,STITCH-TEE-OVR,9272,19,299,462,1
2025-12-09,STITCH-COORD-SET,17160,30,165,241,2
2025-12-09,MICKEY-HOODIE,3654,7,278,400,0
2025-12-09,DISNEY-JOGGER,4837,7,155,133,1
2025-12-09,MARVEL-CAP,9220,10,225,119,0
2025-12-09,LOONEY-CROP,2742,6,140,274,0
2025-12-09,BARBIE-DRESS,15026,22,222,142,1
2025-12-09,HP-SWEAT,22562,29,294,244,1
2025-12-09,MINIONS-SHORT,6489,7,248,171,0
2025-12-09,POOH-TOTE,20920,20,97,384,1
2025-12-10,STITCH-TEE-OVR,29200,25,280,322,1
2025-12-10,STITCH-COORD-SET,24002,22,154,284,2
2025-12-10,MICKEY-HOODIE,25416,24,227,287,1
2025-12-10,DISNEY-JOGGER,7101,9,143,137,0
2025-12-10,MARVEL-CAP,16650,25,187,320,2
2025-12-10,LOONEY-CROP,12025,13,67,265,1
2025-12-10,BARBIE-DRESS,7360,10,83,292,0
2025-12-10,HP-SWEAT,5100,10,100,489,1
2025-12-10,MINIONS-SHORT,13167,19,69,110,2
2025-12-10,POOH-TOTE,8150,10,59,184,0
2025-12-11,STITCH-TEE-OVR,7776,8,127,144,0
2025-12-11,STITCH-COORD-SET,3591,7,56,203,0
2025-12-11,MICKEY-HOODIE,2345,5,81,440,0
2025-12-11,DISNEY-JOGGER,29370,30,115,191,1
2025-12-11,MARVEL-CAP,11505,15,97,110,1
2025-12-11,LOONEY-CROP,7840,7,178,390,0
2025-12-11,BARBIE-DRESS,21394,19,137,147,1
2025-12-11,HP-SWEAT,3084,6,210,301,0
2025-12-11,MINIONS-SHORT,15409,19,258,443,1
2025-12-11,POOH-TOTE,5225,5,72,201,0
2025-12-12,STITCH-TEE-OVR,9000,12,274,242,1
2025-12-12,STITCH-COORD-SET,22608,24,237,388,2
2025-12-12,MICKEY-HOODIE,14970,15,148,497,1
2025-12-12,DISNEY-JOGGER,18522,27,69,412,1
2025-12-12,MARVEL-CAP,23403,29,206,479,2
2025-12-12,LOONEY-CROP,7820,10,92,417,1
2025-12-12,BARBIE-DRESS,12432,21,135,125,1
2025-12-12,HP-SWEAT,5250,10,64,130,1
2025-12-12,MINIONS-SHORT,8040,8,67,120,0
2025-12-12,POOH-TOTE,7911,9,121,109,0
2025-12-13,STITCH-TEE-OVR,10557,30,361,399,1
2025-12-13,STITCH-COORD-SET,11136,31,391,383,2
2025-12-13,MICKEY-HOODIE,14326,25,144,380,1
2025-12-13,DISNEY-JOGGER,4760,7,260,477,0
2025-12-13,MARVEL-CAP,12144,29,400,151,2
2025-12-13,LOONEY-CROP,6849,12,364,442,0
2025-12-13,BARBIE-DRESS,24046,29,230,121,2
2025-12-13,HP-SWEAT,15561,25,417,388,1
2025-12-13,MINIONS-SHORT,10038,18,321,377,1
2025-12-13,POOH-TOTE,30600,39,276,491,2
2025-12-14,STITCH-TEE-OVR,18825,33,379,302,2
2025-12-14,STITCH-COORD-SET,10712,34,232,257,1
2025-12-14,MICKEY-HOODIE,11340,23,262,354,1
2025-12-14,DISNEY-JOGGER,28242,35,207,323,1
2025-12-14,MARVEL-CAP,17490,20,127,135,1
2025-12-14,LOONEY-CROP,22256,34,153,462,1
2025-12-14,BARBIE-DRESS,11210,25,220,362,1
2025-12-14,HP-SWEAT,12792,17,388,165,1
2025-12-14,MINIONS-SHORT,18060,27,323,415,2
2025-12-14,POOH-TOTE,6671,9,251,270,1
2025-12-15,STITCH-TEE-OVR,5434,11,249,414,0
2025-12-15,STITCH-COORD-SET,7182,6,283,481,0
2025-12-15,MICKEY-HOODIE,9954,14,250,103,0
2025-12-15,DISNEY-JOGGER,10725,11,283,179,1
2025-12-15,MARVEL-CAP,13442,13,202,232,0
2025-12-15,LOONEY-CROP,6600,11,171,341,0
2025-12-15,BARBIE-DRESS,19824,21,169,364,1
2025-12-15,HP-SWEAT,18450,25,79,235,1
2025-12-15,MINIONS-SHORT,11100,15,210,326,0
2025-12-15,POOH-TOTE,11077,11,229,262,0
2025-12-16,STITCH-TEE-OVR,4860,9,141,345,0
2025-12-16,STITCH-COORD-SET,10065,15,126,407,1
2025-12-16,MICKEY-HOODIE,20748,28,206,448,1
2025-12-16,DISNEY-JOGGER,3126,6,57,147,0
2025-12-16,MARVEL-CAP,8352,9,193,376,0
2025-12-16,LOONEY-CROP,9087,13,232,204,1
2025-12-16,BARBIE-DRESS,2877,7,277,494,0
2025-12-16,HP-SWEAT,26320,28,79,478,1
2025-12-16,MINIONS-SHORT,16682,19,132,375,1
2025-12-16,POOH-TOTE,3660,6,233,236,0
2025-12-17,STITCH-TEE-OVR,11322,17,231,461,1
2025-12-17,STITCH-COORD-SET,4680,5,225,441,0
2025-12-17,MICKEY-HOODIE,10278,9,102,181,1
2025-12-17,DISNEY-JOGGER,21888,24,231,272,0
2025-12-17,MARVEL-CAP,24312,24,89,157,1
2025-12-17,LOONEY-CROP,31726,29,209,250,1
2025-12-17,BARBIE-DRESS,13920,15,156,335,0
2025-12-17,HP-SWEAT,6498,9,53,226,0
2025-12-17,MINIONS-SHORT,11837,19,256,110,1
2025-12-17,POOH-TOTE,10635,15,121,100,0
2025-12-18,STITCH-TEE-OVR,26124,28,239,201,1
2025-12-18,STITCH-COORD-SET,17731,17,133,352,1
2025-12-18,MICKEY-HOODIE,12296,29,65,386,2
2025-12-18,DISNEY-JOGGER,21199,29,63,324,2
2025-12-18,MARVEL-CAP,8176,7,109,195,0
2025-12-18,LOONEY-CROP,20026,17,251,173,1
2025-12-18,BARBIE-DRESS,7040,16,132,119,1
2025-12-18,HP-SWEAT,16656,16,205,324,1
2025-12-18,MINIONS-SHORT,9360,12,114,455,1
2025-12-18,POOH-TOTE,9212,14,259,382,1
2025-12-19,STITCH-TEE-OVR,18560,16,121,247,1
2025-12-19,STITCH-COORD-SET,9460,10,286,111,1
2025-12-19,MICKEY-HOODIE,11645,17,177,491,1
2025-12-19,DISNEY-JOGGER,13819,13,179,402,1
2025-12-19,MARVEL-CAP,15067,19,186,333,1
2025-12-19,LOONEY-CROP,5600,8,133,278,0
2025-12-19,BARBIE-DRESS,13396,17,244,432,1
2025-12-19,HP-SWEAT,5484,12,117,230,1
2025-12-19,MINIONS-SHORT,20568,24,267,339,2
2025-12-19,POOH-TOTE,12507,11,193,219,1
2025-12-20,STITCH-TEE-OVR,15936,31,340,128,2
2025-12-20,STITCH-COORD-SET,18234,23,182,140,1
2025-12-20,MICKEY-HOODIE,3488,10,204,480,1
2025-12-20,DISNEY-JOGGER,4176,10,301,407,0
2025-12-20,MARVEL-CAP,30450,38,78,139,1
2025-12-20,LOONEY-CROP,5316,8,343,344,1
2025-12-20,BARBIE-DRESS,2415,7,318,293,0
2025-12-20,HP-SWEAT,7665,9,207,222,0
2025-12-20,MINIONS-SHORT,9048,17,385,381,1
2025-12-20,POOH-TOTE,12640,26,340,269,2
2025-12-21,STITCH-TEE-OVR,28320,39,319,268,1
2025-12-21,STITCH-COORD-SET,20079,30,255,431,2
2025-12-21,MICKEY-HOODIE,11886,18,363,108,1
2025-12-21,DISNEY-JOGGER,11822,30,76,251,2
2025-12-21,MARVEL-CAP,25875,33,158,126,1
2025-12-21,LOONEY-CROP,3925,7,391,456,0
2025-12-21,BARBIE-DRESS,10912,21,316,486,1
2025-12-21,HP-SWEAT,7911,12,217,207,1
2025-12-21,MINIONS-SHORT,6656,17,386,237,1
2025-12-21,POOH-TOTE,13914,23,318,187,1
2025-12-22,STITCH-TEE-OVR,5684,7,195,414,0
2025-12-22,STITCH-COORD-SET,17740,20,191,420,1
2025-12-22,MICKEY-HOODIE,4032,7,74,129,0
2025-12-22,DISNEY-JOGGER,19770,30,289,371,1
2025-12-22,MARVEL-CAP,8048,16,144,384,1
2025-12-22,LOONEY-CROP,7128,9,269,475,0
2025-12-22,BARBIE-DRESS,11840,20,92,256,0
2025-12-22,HP-SWEAT,9706,23,266,360,1
2025-12-22,MINIONS-SHORT,12806,19,121,145,1
2025-12-22,POOH-TOTE,20148,23,124,453,2
2025-12-23,STITCH-TEE-OVR,4440,5,141,122,0
2025-12-23,STITCH-COORD-SET,4781,7,138,129,0
2025-12-23,MICKEY-HOODIE,7416,8,295,392,0
2025-12-23,DISNEY-JOGGER,6708,12,54,199,1
2025-12-23,MARVEL-CAP,13300,19,260,483,1
2025-12-23,LOONEY-CROP,20184,24,184,273,2
2025-12-23,BARBIE-DRESS,6426,7,223,372,0
2025-12-23,HP-SWEAT,27050,25,159,116,1
2025-12-23,MINIONS-SHORT,27300,26,61,308,1
2025-12-23,POOH-TOTE,17496,27,148,310,2
2025-12-24,STITCH-TEE-OVR,27432,24,101,312,1
2025-12-24,STITCH-COORD-SET,6552,12,85,248,1
2025-12-24,MICKEY-HOODIE,3255,5,67,137,0
2025-12-24,DISNEY-JOGGER,12586,14,236,457,1
2025-12-24,MARVEL-CAP,11745,29,241,295,1
2025-12-24,LOONEY-CROP,16760,20,137,302,1
2025-12-24,BARBIE-DRESS,2025,5,191,475,0
2025-12-24,HP-SWEAT,28275,29,152,128,2
2025-12-24,MINIONS-SHORT,10899,21,250,102,1
2025-12-24,POOH-TOTE,20972,28,196,287,1
2025-12-25,STITCH-TEE-OVR,17006,22,53,440,1
2025-12-25,STITCH-COORD-SET,20080,20,262,367,1
2025-12-25,MICKEY-HOODIE,7808,16,154,210,1
2025-12-25,DISNEY-JOGGER,14784,24,236,194,1
2025-12-25,MARVEL-CAP,6660,9,75,185,0
2025-12-25,LOONEY-CROP,20916,18,288,425,1
2025-12-25,BARBIE-DRESS,7660,10,272,436,1
2025-12-25,HP-SWEAT,24215,29,300,429,1
2025-12-25,MINIONS-SHORT,4038,6,97,481,0
2025-12-25,POOH-TOTE,6336,12,119,415,0
2025-12-26,STITCH-TEE-OVR,10404,12,178,320,0
2025-12-26,STITCH-COORD-SET,27531,23,72,203,1
2025-12-26,MICKEY-HOODIE,5550,6,150,424,0
2025-12-26,DISNEY-JOGGER,10425,25,156,270,1
2025-12-26,MARVEL-CAP,19710,27,246,307,2
2025-12-26,LOONEY-CROP,4473,7,65,245,0
2025-12-26,BARBIE-DRESS,10023,13,246,107,1
2025-12-26,HP-SWEAT,13464,18,73,170,0
2025-12-26,MINIONS-SHORT,7917,7,281,271,1
2025-12-26,POOH-TOTE,4741,11,177,307,1
2025-12-27,STITCH-TEE-OVR,29029,38,199,298,3
2025-12-27,STITCH-COORD-SET,10353,27,283,424,1
2025-12-27,MICKEY-HOODIE,14314,22,389,169,2
2025-12-27,DISNEY-JOGGER,13640,29,267,170,2
2025-12-27,MARVEL-CAP,25828,29,182,109,2
2025-12-27,LOONEY-CROP,5520,13,402,233,1
2025-12-27,BARBIE-DRESS,11661,30,396,200,2
2025-12-27,HP-SWEAT,8090,13,178,159,0
2025-12-27,MINIONS-SHORT,18639,25,414,301,2
2025-12-27,POOH-TOTE,11836,14,335,423,1
2025-12-28,STITCH-TEE-OVR,28125,33,122,439,2
2025-12-28,STITCH-COORD-SET,14112,21,398,252,1
2025-12-28,MICKEY-HOODIE,12330,20,181,346,1
2025-12-28,DISNEY-JOGGER,4842,8,140,446,1
2025-12-28,MARVEL-CAP,20328,31,414,126,2
2025-12-28,LOONEY-CROP,20470,30,231,163,2
2025-12-28,BARBIE-DRESS,5460,16,106,332,1
2025-12-28,HP-SWEAT,16272,23,153,196,1
2025-12-28,MINIONS-SHORT,15918,27,220,350,1
2025-12-28,POOH-TOTE,14110,22,130,290,2
2025-12-29,STITCH-TEE-OVR,17575,19,208,261,2
2025-12-29,STITCH-COORD-SET,24129,21,230,463,1
2025-12-29,MICKEY-HOODIE,20466,27,71,286,2
2025-12-29,DISNEY-JOGGER,13716,18,253,477,1
2025-12-29,MARVEL-CAP,11860,10,139,383,0
2025-12-29,LOONEY-CROP,8400,7,50,133,0
2025-12-29,BARBIE-DRESS,11050,26,88,290,1
2025-12-29,HP-SWEAT,23409,27,198,315,1
2025-12-29,MINIONS-SHORT,10944,16,120,401,1
2025-12-29,POOH-TOTE,11328,12,225,169,1
2025-12-30,STITCH-TEE-OVR,5603,13,215,318,1
2025-12-30,STITCH-COORD-SET,20496,24,133,268,0
2025-12-30,MICKEY-HOODIE,19740,30,202,342,2
2025-12-30,DISNEY-JOGGER,16650,18,274,117,1
2025-12-30,MARVEL-CAP,8640,10,226,430,1
2025-12-30,LOONEY-CROP,3220,7,190,226,0
2025-12-30,BARBIE-DRESS,17271,19,183,399,2
2025-12-30,HP-SWEAT,18080,16,201,456,0
2025-12-30,MINIONS-SHORT,26593,29,161,247,2
2025-12-30,POOH-TOTE,23258,29,230,394,1
2025-12-31,STITCH-TEE-OVR,20550,25,93,126,1
2025-12-31,STITCH-COORD-SET,16152,24,173,479,1
2025-12-31,MICKEY-HOODIE,19540,20,205,260,1
2025-12-31,DISNEY-JOGGER,7125,15,130,289,1
2025-12-31,MARVEL-CAP,16368,16,65,190,1
2025-12-31,LOONEY-CROP,9647,11,205,187,1
2025-12-31,BARBIE-DRESS,12512,23,71,179,1
2025-12-31,HP-SWEAT,16422,23,260,288,1
2025-12-31,MINIONS-SHORT,28980,30,266,391,1
2025-12-31,POOH-TOTE,10584,9,170,482,0
2026-01-01,STITCH-TEE-OVR,21114,23,112,111,1
2026-01-01,STITCH-COORD-SET,4805,5,106,499,0
2026-01-01,MICKEY-HOODIE,12564,18,166,234,1
2026-01-01,DISNEY-JOGGER,6714,9,84,321,1
2026-01-01,MARVEL-CAP,11400,19,91,320,1
2026-01-01,LOONEY-CROP,25085,29,254,274,1
2026-01-01,BARBIE-DRESS,3225,5,170,384,0
2026-01-01,HP-SWEAT,11220,20,89,434,0
2026-01-01,MINIONS-SHORT,17430,30,175,368,1
2026-01-01,POOH-TOTE,10608,17,82,395,1
2026-01-02,STITCH-TEE-OVR,29850,30,220,449,2
2026-01-02,STITCH-COORD-SET,33124,28,76,370,1
2026-01-02,MICKEY-HOODIE,9630,15,155,191,1
2026-01-02,DISNEY-JOGGER,6825,13,297,314,0
2026-01-02,MARVEL-CAP,8652,21,185,328,1
2026-01-02,LOONEY-CROP,28296,24,106,381,1
2026-01-02,BARBIE-DRESS,6048,12,64,109,0
2026-01-02,HP-SWEAT,3750,6,154,223,0
2026-01-02,MINIONS-SHORT,23793,21,299,169,1
2026-01-02,POOH-TOTE,4504,8,133,466,0
2026-01-03,STITCH-TEE-OVR,9240,13,239,256,1
2026-01-03,STITCH-COORD-SET,11220,16,88,208,0
2026-01-03,MICKEY-HOODIE,17775,20,301,447,2
2026-01-03,DISNEY-JOGGER,12559,25,179,300,2
2026-01-03,MARVEL-CAP,26625,33,277,430,3
2026-01-03,LOONEY-CROP,11172,18,372,334,1
2026-01-03,BARBIE-DRESS,3360,8,393,156,1
2026-01-03,HP-SWEAT,8240,26,217,456,2
2026-01-03,MINIONS-SHORT,15317,22,377,382,1
2026-01-03,POOH-TOTE,4970,13,281,387,0
2026-01-04,STITCH-TEE-OVR,11268,16,133,364,1
2026-01-04,STITCH-COORD-SET,22333,30,169,247,1
2026-01-04,MICKEY-HOODIE,12570,39,377,180,1
2026-01-04,DISNEY-JOGGER,9450,23,148,223,2
2026-01-04,MARVEL-CAP,15500,26,252,494,1
2026-01-04,LOONEY-CROP,7414,14,333,144,1
2026-01-04,BARBIE-DRESS,18508,36,405,476,2
2026-01-04,HP-SWEAT,23805,30,118,124,1
2026-01-04,MINIONS-SHORT,4510,14,255,372,0
2026-01-04,POOH-TOTE,7371,12,326,485,0
2026-01-05,STITCH-TEE-OVR,9780,10,184,428,1
2026-01-05,STITCH-COORD-SET,13455,15,89,116,1
2026-01-05,MICKEY-HOODIE,19778,22,235,265,2
2026-01-05,DISNEY-JOGGER,6228,6,80,332,0
2026-01-05,MARVEL-CAP,22842,27,188,392,1
2026-01-05,LOONEY-CROP,4420,10,116,196,1
2026-01-05,BARBIE-DRESS,9308,13,129,472,0
2026-01-05,HP-SWEAT,13958,14,199,330,1
2026-01-05,MINIONS-SHORT,7110,9,241,466,0
2026-01-05,POOH-TOTE,11925,25,57,500,2
2026-01-06,STITCH-TEE-OVR,8720,20,271,290,2
2026-01-06,STITCH-COORD-SET,18186,21,109,353,1
2026-01-06,MICKEY-HOODIE,14287,13,70,195,1
2026-01-06,DISNEY-JOGGER,18072,24,149,234,2
2026-01-06,MARVEL-CAP,20304,24,73,149,2
2026-01-06,LOONEY-CROP,23088,26,65,141,2
2026-01-06,BARBIE-DRESS,10890,18,188,442,1
2026-01-06,HP-SWEAT,28080,24,262,141,1
2026-01-06,MINIONS-SHORT,9061,17,268,190,1
2026-01-06,POOH-TOTE,9394,11,239,369,0
2026-01-07,STITCH-TEE-OVR,17612,28,252,401,2
2026-01-07,STITCH-COORD-SET,26300,25,277,122,1
2026-01-07,MICKEY-HOODIE,10356,12,209,150,1
2026-01-07,DISNEY-JOGGER,14454,18,73,500,1
2026-01-07,MARVEL-CAP,13174,14,226,462,1
2026-01-07,LOONEY-CROP,6152,8,149,178,1
2026-01-07,BARBIE-DRESS,17760,24,53,184,1
2026-01-07,HP-SWEAT,12096,24,56,331,1
2026-01-07,MINIONS-SHORT,17561,17,110,166,1
2026-01-07,POOH-TOTE,11865,15,98,373,1
2026-01-08,STITCH-TEE-OVR,18250,25,243,174,2
2026-01-08,STITCH-COORD-SET,26286,26,72,336,2
2026-01-08,MICKEY-HOODIE,5965,5,249,125,0
2026-01-08,DISNEY-JOGGER,3708,9,206,338,0
2026-01-08,MARVEL-CAP,10395,11,178,264,1
2026-01-08,LOONEY-CROP,15456,16,253,201,0
2026-01-08,BARBIE-DRESS,8736,13,284,274,1
2026-01-08,HP-SWEAT,16254,18,212,133,0
2026-01-08,MINIONS-SHORT,6714,6,133,119,0
2026-01-08,POOH-TOTE,3915,5,210,378,0
2026-01-09,STITCH-TEE-OVR,13008,16,130,114,0
2026-01-09,STITCH-COORD-SET,16218,17,251,484,1
2026-01-09,MICKEY-HOODIE,2784,6,125,249,0
2026-01-09,DISNEY-JOGGER,26224,22,241,376,0
2026-01-09,MARVEL-CAP,33330,30,199,455,2
2026-01-09,LOONEY-CROP,9968,14,152,421,1
2026-01-09,BARBIE-DRESS,14991,19,190,140,1
2026-01-09,HP-SWEAT,7335,15,268,419,1
2026-01-09,MINIONS-SHORT,8595,9,202,429,1
2026-01-09,POOH-TOTE,15928,22,261,338,2
2026-01-10,STITCH-TEE-OVR,12096,21,84,406,2
2026-01-10,STITCH-COORD-SET,19752,31,294,192,2
2026-01-10,MICKEY-HOODIE,27720,31,329,295,1
2026-01-10,DISNEY-JOGGER,5607,12,328,384,0
2026-01-10,MARVEL-CAP,8199,12,363,218,1
2026-01-10,LOONEY-CROP,4873,14,342,305,1
2026-01-10,BARBIE-DRESS,23340,39,160,160,2
2026-01-10,HP-SWEAT,20242,38,197,221,2
2026-01-10,MINIONS-SHORT,3750,7,168,304,0
2026-01-10,POOH-TOTE,12600,16,147,468,0
2026-01-11,STITCH-TEE-OVR,2870,7,190,300,0
2026-01-11,STITCH-COORD-SET,6930,12,176,403,1
2026-01-11,MICKEY-HOODIE,15072,31,221,454,2
2026-01-11,DISNEY-JOGGER,21068,30,416,351,2
2026-01-11,MARVEL-CAP,5080,13,192,403,1
2026-01-11,LOONEY-CROP,11999,17,325,133,1
2026-01-11,BARBIE-DRESS,12112,21,118,316,1
2026-01-11,HP-SWEAT,9576,16,326,442,0
2026-01-11,MINIONS-SHORT,6622,18,113,215,1
2026-01-11,POOH-TOTE,21275,33,157,464,1
2026-01-12,STITCH-TEE-OVR,3045,5,169,190,0
2026-01-12,STITCH-COORD-SET,9312,16,189,377,1
2026-01-12,MICKEY-HOODIE,22568,28,189,308,2
2026-01-12,DISNEY-JOGGER,15912,17,61,314,1
2026-01-12,MARVEL-CAP,6740,10,216,413,1
2026-01-12,LOONEY-CROP,12766,26,284,257,1
2026-01-12,BARBIE-DRESS,10395,9,55,412,0
2026-01-12,HP-SWEAT,16524,18,120,399,1
2026-01-12,MINIONS-SHORT,14832,18,173,406,1
2026-01-12,POOH-TOTE,11660,11,298,301,0
2026-01-13,STITCH-TEE-OVR,19274,23,70,191,2
2026-01-13,STITCH-COORD-SET,22428,21,211,288,1
2026-01-13,MICKEY-HOODIE,11726,22,142,350,0
2026-01-13,DISNEY-JOGGER,5248,8,124,487,0
2026-01-13,MARVEL-CAP,24706,22,90,448,1
2026-01-13,LOONEY-CROP,10386,9,154,322,1
2026-01-13,BARBIE-DRESS,27840,29,167,227,1
2026-01-13,HP-SWEAT,22620,20,109,277,1
2026-01-13,MINIONS-SHORT,35910,30,194,289,1
2026-01-13,POOH-TOTE,23452,26,209,148,1
2026-01-14,STITCH-TEE-OVR,4411,11,86,369,1
2026-01-14,STITCH-COORD-SET,6885,9,150,164,0
2026-01-14,MICKEY-HOODIE,5850,13,111,139,1
2026-01-14,DISNEY-JOGGER,7712,16,217,402,1
2026-01-14,MARVEL-CAP,19050,30,81,421,2
2026-01-14,LOONEY-CROP,15750,15,299,475,0
2026-01-14,BARBIE-DRESS,10777,13,246,411,1
2026-01-14,HP-SWEAT,6730,10,67,438,0
2026-01-14,MINIONS-SHORT,13524,21,294,102,1
2026-01-14,POOH-TOTE,26156,26,110,100,2
2026-01-15,STITCH-TEE-OVR,17668,28,88,338,2
2026-01-15,STITCH-COORD-SET,18648,28,52,477,1
2026-01-15,MICKEY-HOODIE,21168,27,96,456,1
2026-01-15,DISNEY-JOGGER,11288,17,117,221,1
2026-01-15,MARVEL-CAP,5643,11,72,417,1
2026-01-15,LOONEY-CROP,17340,20,76,339,1
2026-01-15,BARBIE-DRESS,23672,22,149,130,1
2026-01-15,HP-SWEAT,5746,13,56,359,0
2026-01-15,MINIONS-SHORT,11508,21,110,172,0
2026-01-15,POOH-TOTE,2765,5,273,122,0
2026-01-16,STITCH-TEE-OVR,10678,19,122,279,2
2026-01-16,STITCH-COORD-SET,6487,13,212,309,0
2026-01-16,MICKEY-HOODIE,10530,13,148,225,1
2026-01-16,DISNEY-JOGGER,2454,6,239,276,0
2026-01-16,MARVEL-CAP,14181,29,132,393,1
2026-01-16,LOONEY-CROP,29957,29,108,457,1
2026-01-16,BARBIE-DRESS,28344,24,154,427,2
2026-01-16,HP-SWEAT,4968,9,209,423,1
2026-01-16,MINIONS-SHORT,12064,29,267,483,1
2026-01-16,POOH-TOTE,14592,16,157,342,1
2026-01-17,STITCH-TEE-OVR,10008,16,407,309,0
2026-01-17,STITCH-COORD-SET,6864,10,153,234,0
2026-01-17,MICKEY-HOODIE,18280,26,258,369,1
2026-01-17,DISNEY-JOGGER,12075,27,298,188,2
2026-01-17,MARVEL-CAP,12167,30,118,464,1
2026-01-17,LOONEY-CROP,7644,16,104,401,0
2026-01-17,BARBIE-DRESS,5805,12,375,482,0
2026-01-17,HP-SWEAT,5640,16,176,389,1
2026-01-17,MINIONS-SHORT,15844,22,346,278,1
2026-01-17,POOH-TOTE,16110,23,356,322,2
2026-01-18,STITCH-TEE-OVR,29325,33,238,448,2
2026-01-18,STITCH-COORD-SET,21502,34,196,339,2
2026-01-18,MICKEY-HOODIE,18264,31,197,450,1
2026-01-18,DISNEY-JOGGER,15752,29,291,420,1
2026-01-18,MARVEL-CAP,15218,18,189,173,1
2026-01-18,LOONEY-CROP,23345,30,280,264,2
2026-01-18,BARBIE-DRESS,18753,27,269,276,1
2026-01-18,HP-SWEAT,4884,16,286,400,1
2026-01-18,MINIONS-SHORT,19413,35,132,355,3
2026-01-18,POOH-TOTE,2622,8,245,366,0
2026-01-19,STITCH-TEE-OVR,17798,22,183,429,2
2026-01-19,STITCH-COORD-SET,12701,13,57,299,0
2026-01-19,MICKEY-HOODIE,19971,21,155,332,1
2026-01-19,DISNEY-JOGGER,15730,26,279,410,1
2026-01-19,MARVEL-CAP,6012,12,145,295,1
2026-01-19,LOONEY-CROP,14868,14,184,485,0
2026-01-19,BARBIE-DRESS,5072,8,66,306,1
2026-01-19,HP-SWEAT,17469,27,249,402,1
2026-01-19,MINIONS-SHORT,13920,20,283,233,0
2026-01-19,POOH-TOTE,13243,17,265,364,1
2026-01-20,STITCH-TEE-OVR,15450,30,129,324,1
2026-01-20,STITCH-COORD-SET,22625,25,265,389,1
2026-01-20,MICKEY-HOODIE,2490,6,186,136,0
2026-01-20,DISNEY-JOGGER,20740,20,186,160,1
2026-01-20,MARVEL-CAP,15282,18,65,406,1
2026-01-20,LOONEY-CROP,5369,7,64,452,0
2026-01-20,BARBIE-DRESS,27300,25,271,339,1
2026-01-20,HP-SWEAT,26260,26,298,183,2
2026-01-20,MINIONS-SHORT,15900,20,80,212,2
2026-01-20,POOH-TOTE,22896,27,229,392,1
2026-01-21,STITCH-TEE-OVR,23160,30,268,144,2
2026-01-21,STITCH-COORD-SET,16588,26,173,271,2
2026-01-21,MICKEY-HOODIE,13845,13,268,112,1
2026-01-21,DISNEY-JOGGER,6468,12,193,242,1
2026-01-21,MARVEL-CAP,25498,22,268,474,2
2026-01-21,LOONEY-CROP,18330,26,220,194,1
2026-01-21,BARBIE-DRESS,22968,24,246,151,2
2026-01-21,HP-SWEAT,9328,16,257,231,1
2026-01-21,MINIONS-SHORT,10404,12,240,156,0
2026-01-21,POOH-TOTE,3918,6,241,177,0
2026-01-22,STITCH-TEE-OVR,4424,7,96,354,0
2026-01-22,STITCH-COORD-SET,16240,29,127,365,2
2026-01-22,MICKEY-HOODIE,11046,14,92,111,0
2026-01-22,DISNEY-JOGGER,20214,18,173,202,1
2026-01-22,MARVEL-CAP,24706,22,204,391,2
2026-01-22,LOONEY-CROP,9018,18,75,429,1
2026-01-22,BARBIE-DRESS,5295,5,102,175,0
2026-01-22,HP-SWEAT,12675,15,225,335,1
2026-01-22,MINIONS-SHORT,15358,14,58,245,0
2026-01-22,POOH-TOTE,7696,13,278,400,0
2026-01-23,STITCH-TEE-OVR,6412,7,79,195,0
2026-01-23,STITCH-COORD-SET,13024,11,60,199,0
2026-01-23,MICKEY-HOODIE,15750,30,111,244,2
2026-01-23,DISNEY-JOGGER,16497,27,225,396,1
2026-01-23,MARVEL-CAP,19080,30,264,196,2
2026-01-23,LOONEY-CROP,4548,6,99,397,0
2026-01-23,BARBIE-DRESS,15552,27,154,283,2
2026-01-23,HP-SWEAT,8421,21,102,392,1
2026-01-23,MINIONS-SHORT,7623,9,68,351,0
2026-01-23,POOH-TOTE,11830,10,75,147,1
2026-01-24,STITCH-TEE-OVR,9030,18,210,186,1
2026-01-24,STITCH-COORD-SET,5964,16,176,106,1
2026-01-24,MICKEY-HOODIE,5553,12,113,268,1
2026-01-24,DISNEY-JOGGER,10980,20,133,453,2
2026-01-24,MARVEL-CAP,7320,20,130,164,1
2026-01-24,LOONEY-CROP,9256,10,193,219,0
2026-01-24,BARBIE-DRESS,6524,9,407,188,0
2026-01-24,HP-SWEAT,9348,25,349,483,1
2026-01-24,MINIONS-SHORT,6075,12,151,183,1
2026-01-24,POOH-TOTE,6378,8,88,495,0
2026-01-25,STITCH-TEE-OVR,14448,36,315,499,1
2026-01-25,STITCH-COORD-SET,15504,22,126,352,1
2026-01-25,MICKEY-HOODIE,12972,30,265,103,1
2026-01-25,DISNEY-JOGGER,24173,30,182,145,2
2026-01-25,MARVEL-CAP,15660,38,224,145,1
2026-01-25,LOONEY-CROP,27534,34,227,449,2
2026-01-25,BARBIE-DRESS,16900,33,213,490,2
2026-01-25,HP-SWEAT,3744,8,174,197,1
2026-01-25,MINIONS-SHORT,22005,35,178,150,1
2026-01-25,POOH-TOTE,4002,8,288,446,0
2026-01-26,STITCH-TEE-OVR,3882,6,285,363,0
2026-01-26,STITCH-COORD-SET,8690,11,85,383,1
2026-01-26,MICKEY-HOODIE,5360,10,293,377,0
2026-01-26,DISNEY-JOGGER,20358,29,149,199,1
2026-01-26,MARVEL-CAP,13379,17,193,499,1
2026-01-26,LOONEY-CROP,9350,10,95,324,1
2026-01-26,BARBIE-DRESS,13087,23,157,484,1
2026-01-26,HP-SWEAT,14248,26,239,228,1
2026-01-26,MINIONS-SHORT,7429,17,91,353,0
2026-01-26,POOH-TOTE,6860,14,280,395,1
2026-01-27,STITCH-TEE-OVR,12282,23,235,243,1
2026-01-27,STITCH-COORD-SET,3040,5,139,263,0
2026-01-27,MICKEY-HOODIE,11868,23,264,437,1
2026-01-27,DISNEY-JOGGER,6348,6,124,236,0
2026-01-27,MARVEL-CAP,24068,22,88,299,1
2026-01-27,LOONEY-CROP,18411,17,165,168,1
2026-01-27,BARBIE-DRESS,6390,6,188,494,0
2026-01-27,HP-SWEAT,20558,19,68,141,1
2026-01-27,MINIONS-SHORT,14100,30,151,426,1
2026-01-27,POOH-TOTE,6156,6,210,227,0
2026-01-28,STITCH-TEE-OVR,11175,25,62,413,1
2026-01-28,STITCH-COORD-SET,4870,10,52,487,1
2026-01-28,MICKEY-HOODIE,11466,18,209,122,1
2026-01-28,DISNEY-JOGGER,5390,5,244,366,0
2026-01-28,MARVEL-CAP,14976,24,70,471,1
2026-01-28,LOONEY-CROP,9152,8,184,276,1
2026-01-28,BARBIE-DRESS,10593,9,82,353,0
2026-01-28,HP-SWEAT,23070,30,85,463,1
2026-01-28,MINIONS-SHORT,5240,10,282,224,1
2026-01-28,POOH-TOTE,12364,22,279,387,1
2026-01-29,STITCH-TEE-OVR,9204,13,208,333,0
2026-01-29,STITCH-COORD-SET,13430,17,59,416,1
2026-01-29,MICKEY-HOODIE,14700,25,81,122,1
2026-01-29,DISNEY-JOGGER,15204,14,134,410,1
2026-01-29,MARVEL-CAP,9380,14,71,134,1
2026-01-29,LOONEY-CROP,18480,30,263,351,2
2026-01-29,BARBIE-DRESS,11947,13,87,153,1
2026-01-29,HP-SWEAT,6460,10,191,294,0
2026-01-29,MINIONS-SHORT,18650,25,224,122,2
2026-01-29,POOH-TOTE,12366,18,230,459,1
2026-01-30,STITCH-TEE-OVR,7882,14,288,433,0
2026-01-30,STITCH-COORD-SET,31293,27,174,247,1
2026-01-30,MICKEY-HOODIE,9002,14,106,225,0
2026-01-30,DISNEY-JOGGER,10340,22,193,498,1
2026-01-30,MARVEL-CAP,10880,20,182,347,0
2026-01-30,LOONEY-CROP,11571,19,210,306,0
2026-01-30,BARBIE-DRESS,21276,27,215,130,2
2026-01-30,HP-SWEAT,25100,25,270,291,2
2026-01-30,MINIONS-SHORT,16458,26,99,174,1
2026-01-30,POOH-TOTE,12100,25,191,238,1
2026-01-31,STITCH-TEE-OVR,8204,18,346,423,1
2026-01-31,STITCH-COORD-SET,20938,38,94,326,3
2026-01-31,MICKEY-HOODIE,20735,38,326,110,3
2026-01-31,DISNEY-JOGGER,16044,27,203,396,1
2026-01-31,MARVEL-CAP,9503,17,385,188,1
2026-01-31,LOONEY-CROP,4110,7,97,202,0
2026-01-31,BARBIE-DRESS,30368,34,102,415,1
2026-01-31,HP-SWEAT,15162,27,393,207,1
2026-01-31,MINIONS-SHORT,27104,36,273,316,1
2026-01-31,POOH-TOTE,16405,22,406,100,1
2026-02-01,STITCH-TEE-OVR,12540,20,263,290,1
2026-02-01,STITCH-COORD-SET,7612,14,106,415,1
2026-02-01,MICKEY-HOODIE,9252,16,321,159,0
2026-02-01,DISNEY-JOGGER,18024,31,197,243,1
2026-02-01,MARVEL-CAP,4910,7,323,440,0
2026-02-01,LOONEY-CROP,3353,9,234,108,0
2026-02-01,BARBIE-DRESS,11704,18,244,307,1
2026-02-01,HP-SWEAT,20160,36,323,315,1
2026-02-01,MINIONS-SHORT,9405,25,122,387,1
2026-02-01,POOH-TOTE,20240,29,125,330,1
2026-02-02,STITCH-TEE-OVR,12480,20,110,104,1
2026-02-02,STITCH-COORD-SET,20952,27,178,322,1
2026-02-02,MICKEY-HOODIE,11510,10,66,183,1
2026-02-02,DISNEY-JOGGER,11544,13,261,273,1
2026-02-02,MARVEL-CAP,10776,12,252,306,1
2026-02-02,LOONEY-CROP,3784,8,278,179,0
2026-02-02,BARBIE-DRESS,2505,5,235,468,0
2026-02-02,HP-SWEAT,6756,6,54,289,0
2026-02-02,MINIONS-SHORT,11040,15,297,200,1
2026-02-02,POOH-TOTE,24882,29,186,497,1
2026-02-03,STITCH-TEE-OVR,15090,30,104,202,1
2026-02-03,STITCH-COORD-SET,8019,9,95,133,0
2026-02-03,MICKEY-HOODIE,7560,12,87,260,1
2026-02-03,DISNEY-JOGGER,5820,5,298,240,0
2026-02-03,MARVEL-CAP,4800,8,138,485,0
2026-02-03,LOONEY-CROP,7776,8,255,185,0
2026-02-03,BARBIE-DRESS,3696,8,105,206,0
2026-02-03,HP-SWEAT,5928,13,167,369,1
2026-02-03,MINIONS-SHORT,12104,17,81,160,0
2026-02-03,POOH-TOTE,25125,25,266,247,1
2026-02-04,STITCH-TEE-OVR,15130,17,281,209,1
2026-02-04,STITCH-COORD-SET,8100,18,114,140,1
2026-02-04,MICKEY-HOODIE,29925,25,136,461,2
2026-02-04,DISNEY-JOGGER,25428,26,216,240,1
2026-02-04,MARVEL-CAP,21196,28,77,139,2
2026-02-04,LOONEY-CROP,11356,17,161,421,1
2026-02-04,BARBIE-DRESS,10143,23,114,315,0
2026-02-04,HP-SWEAT,2025,5,187,287,0
2026-02-04,MINIONS-SHORT,14640,30,264,170,2
2026-02-04,POOH-TOTE,2556,6,215,112,0
2026-02-05,STITCH-TEE-OVR,6759,9,178,342,1
2026-02-05,STITCH-COORD-SET,10044,9,110,349,0
2026-02-05,MICKEY-HOODIE,9590,14,140,370,1
2026-02-05,DISNEY-JOGGER,5886,9,183,149,0
2026-02-05,MARVEL-CAP,12105,15,205,480,1
2026-02-05,LOONEY-CROP,11960,20,73,139,2
2026-02-05,BARBIE-DRESS,5093,11,230,167,0
2026-02-05,HP-SWEAT,6127,11,146,255,1
2026-02-05,MINIONS-SHORT,19924,17,135,233,1
2026-02-05,POOH-TOTE,18259,19,265,105,1
2026-02-06,STITCH-TEE-OVR,9212,14,159,202,1
2026-02-06,STITCH-COORD-SET,15168,16,244,333,0
2026-02-06,MICKEY-HOODIE,3870,9,274,205,0
2026-02-06,DISNEY-JOGGER,4326,6,257,103,0
2026-02-06,MARVEL-CAP,16520,20,113,315,1
2026-02-06,LOONEY-CROP,12880,14,89,462,1
2026-02-06,BARBIE-DRESS,5346,11,278,159,0
2026-02-06,HP-SWEAT,10500,25,278,192,1
2026-02-06,MINIONS-SHORT,10344,12,139,378,0
2026-02-06,POOH-TOTE,13248,23,216,272,2
2026-02-07,STITCH-TEE-OVR,23403,38,92,385,2
2026-02-07,STITCH-COORD-SET,9456,10,358,122,1
2026-02-07,MICKEY-HOODIE,21960,26,146,247,2
2026-02-07,DISNEY-JOGGER,7315,9,332,373,1
2026-02-07,MARVEL-CAP,10580,13,91,477,1
2026-02-07,LOONEY-CROP,11679,22,360,413,1
2026-02-07,BARBIE-DRESS,8964,16,185,442,1
2026-02-07,HP-SWEAT,8965,14,221,449,1
2026-02-07,MINIONS-SHORT,18420,26,412,282,1
2026-02-07,POOH-TOTE,8910,29,402,205,2
2026-02-08,STITCH-TEE-OVR,6000,7,157,435,0
2026-02-08,STITCH-COORD-SET,10486,18,253,274,1
2026-02-08,MICKEY-HOODIE,6929,17,375,120,1
2026-02-08,DISNEY-JOGGER,25599,30,73,348,2
2026-02-08,MARVEL-CAP,10548,16,242,206,0
2026-02-08,LOONEY-CROP,15275,33,153,228,2
2026-02-08,BARBIE-DRESS,7574,9,225,329,0
2026-02-08,HP-SWEAT,7677,12,337,492,1
2026-02-08,MINIONS-SHORT,21824,29,269,139,1
2026-02-08,POOH-TOTE,5629,17,160,385,1
2026-02-09,STITCH-TEE-OVR,10017,21,76,249,1
2026-02-09,STITCH-COORD-SET,23301,27,251,470,2
2026-02-09,MICKEY-HOODIE,26010,30,231,341,2
2026-02-09,DISNEY-JOGGER,6258,14,138,366,1
2026-02-09,MARVEL-CAP,13530,22,103,476,1
2026-02-09,LOONEY-CROP,18020,17,286,283,1
2026-02-09,BARBIE-DRESS,13362,17,282,164,1
2026-02-09,HP-SWEAT,22464,24,161,269,2
2026-02-09,MINIONS-SHORT,12240,24,175,474,1
2026-02-09,POOH-TOTE,13034,14,139,338,1
2026-02-10,STITCH-TEE-OVR,12040,20,217,234,1
2026-02-10,STITCH-COORD-SET,9329,19,295,216,0
2026-02-10,MICKEY-HOODIE,17568,16,271,482,1
2026-02-10,DISNEY-JOGGER,11902,11,87,375,0
2026-02-10,MARVEL-CAP,15405,13,82,259,1
2026-02-10,LOONEY-CROP,7021,17,213,487,1
2026-02-10,BARBIE-DRESS,8967,21,288,124,1
2026-02-10,HP-SWEAT,11880,10,136,214,0
2026-02-10,MINIONS-SHORT,24528,24,120,389,2
2026-02-10,POOH-TOTE,24570,21,256,418,1
2026-02-11,STITCH-TEE-OVR,14288,16,279,487,0
2026-02-11,STITCH-COORD-SET,8092,17,168,327,1
2026-02-11,MICKEY-HOODIE,17545,29,133,381,1
2026-02-11,DISNEY-JOGGER,9632,16,280,464,1
2026-02-11,MARVEL-CAP,21168,24,168,500,2
2026-02-11,LOONEY-CROP,8570,10,200,232,1
2026-02-11,BARBIE-DRESS,12060,30,86,178,2
2026-02-11,HP-SWEAT,18270,30,196,146,1
2026-02-11,MINIONS-SHORT,6601,7,287,313,1
2026-02-11,POOH-TOTE,14231,19,162,445,0
2026-02-12,STITCH-TEE-OVR,9920,20,267,314,2
2026-02-12,STITCH-COORD-SET,9135,21,194,154,1
2026-02-12,MICKEY-HOODIE,17220,28,282,386,2
2026-02-12,DISNEY-JOGGER,5580,12,114,371,0
2026-02-12,MARVEL-CAP,9090,18,275,204,1
2026-02-12,LOONEY-CROP,22682,22,206,485,1
2026-02-12,BARBIE-DRESS,25792,26,237,396,2
2026-02-12,HP-SWEAT,17060,20,145,391,1
2026-02-12,MINIONS-SHORT,21808,29,262,431,2
2026-02-12,POOH-TOTE,6894,6,55,458,0
2026-02-13,STITCH-TEE-OVR,9810,9,266,335,0
2026-02-13,STITCH-COORD-SET,20516,23,89,183,1
2026-02-13,MICKEY-HOODIE,7236,9,80,311,1
2026-02-13,DISNEY-JOGGER,5826,6,88,426,0
2026-02-13,MARVEL-CAP,16133,17,215,191,1
2026-02-13,LOONEY-CROP,6740,10,98,365,1
2026-02-13,BARBIE-DRESS,4266,9,222,341,1
2026-02-13,HP-SWEAT,13888,16,229,235,1
2026-02-13,MINIONS-SHORT,31779,27,113,167,2
2026-02-13,POOH-TOTE,9408,8,233,309,0
2026-02-14,STITCH-TEE-OVR,24678,35,309,277,1
2026-02-14,STITCH-COORD-SET,18879,38,242,437,2
2026-02-14,MICKEY-HOODIE,8880,16,130,269,1
2026-02-14,DISNEY-JOGGER,7896,9,118,241,0
2026-02-14,MARVEL-CAP,12089,14,116,279,1
2026-02-14,LOONEY-CROP,4910,13,77,483,0
2026-02-14,BARBIE-DRESS,11803,14,266,394,1
2026-02-14,HP-SWEAT,10672,30,363,116,1
2026-02-14,MINIONS-SHORT,10832,21,84,327,1
2026-02-14,POOH-TOTE,22885,30,171,365,2
2026-02-15,STITCH-TEE-OVR,13174,18,237,494,1
2026-02-15,STITCH-COORD-SET,12586,38,269,218,2
2026-02-15,MICKEY-HOODIE,22449,27,293,114,1
2026-02-15,DISNEY-JOGGER,11664,23,172,417,1
2026-02-15,MARVEL-CAP,13920,26,360,311,2
2026-02-15,LOONEY-CROP,12420,23,420,162,1
2026-02-15,BARBIE-DRESS,10128,16,274,148,1
2026-02-15,HP-SWEAT,22750,34,150,429,1
2026-02-15,MINIONS-SHORT,16380,39,315,174,1
2026-02-15,POOH-TOTE,10272,21,98,453,1
2026-02-16,STITCH-TEE-OVR,7202,13,58,314,1
2026-02-16,STITCH-COORD-SET,20126,29,157,424,1
2026-02-16,MICKEY-HOODIE,11154,11,157,234,1
2026-02-16,DISNEY-JOGGER,5484,6,279,374,0
2026-02-16,MARVEL-CAP,14996,23,244,235,1
2026-02-16,LOONEY-CROP,18546,22,257,285,1
2026-02-16,BARBIE-DRESS,4320,8,119,150,0
2026-02-16,HP-SWEAT,9937,19,78,171,2
2026-02-16,MINIONS-SHORT,18872,28,87,147,1
2026-02-16,POOH-TOTE,9504,9,267,471,0
2026-02-17,STITCH-TEE-OVR,3472,7,93,205,0
2026-02-17,STITCH-COORD-SET,10848,16,260,156,0
2026-02-17,MICKEY-HOODIE,11310,10,79,155,0
2026-02-17,DISNEY-JOGGER,10234,17,150,442,1
2026-02-17,MARVEL-CAP,24362,26,283,275,1
2026-02-17,LOONEY-CROP,13833,29,174,225,1
2026-02-17,BARBIE-DRESS,10032,12,292,105,1
2026-02-17,HP-SWEAT,7944,12,72,342,0
2026-02-17,MINIONS-SHORT,7875,7,72,258,0
2026-02-17,POOH-TOTE,33960,30,222,339,1
2026-02-18,STITCH-TEE-OVR,11895,13,267,170,1
2026-02-18,STITCH-COORD-SET,7272,8,173,219,0
2026-02-18,MICKEY-HOODIE,8280,10,78,384,0
2026-02-18,DISNEY-JOGGER,16704,18,75,301,1
2026-02-18,MARVEL-CAP,33120,30,134,245,2
2026-02-18,LOONEY-CROP,17980,29,285,419,2
2026-02-18,BARBIE-DRESS,8316,9,199,157,1
2026-02-18,HP-SWEAT,13650,14,166,304,0
2026-02-18,MINIONS-SHORT,4938,6,254,446,0
2026-02-18,POOH-TOTE,7952,7,209,429,0
2026-02-19,STITCH-TEE-OVR,10032,22,271,381,0
2026-02-19,STITCH-COORD-SET,7813,13,205,269,1
2026-02-19,MICKEY-HOODIE,28025,25,270,259,2
2026-02-19,DISNEY-JOGGER,8334,18,203,228,1
2026-02-19,MARVEL-CAP,31164,28,132,406,2
2026-02-19,LOONEY-CROP,19910,22,55,159,1
2026-02-19,BARBIE-DRESS,9306,18,186,458,1
2026-02-19,HP-SWEAT,6633,9,178,181,0
2026-02-19,MINIONS-SHORT,11856,24,161,246,2
2026-02-19,POOH-TOTE,8862,21,290,462,1
2026-02-20,STITCH-TEE-OVR,4670,5,205,189,0
2026-02-20,STITCH-COORD-SET,4585,5,207,200,0
2026-02-20,MICKEY-HOODIE,7188,12,53,256,0
2026-02-20,DISNEY-JOGGER,12740,14,208,186,1
2026-02-20,MARVEL-CAP,22400,20,242,130,1
2026-02-20,LOONEY-CROP,16208,16,177,452,1
2026-02-20,BARBIE-DRESS,22173,19,72,264,1
2026-02-20,HP-SWEAT,17602,26,118,274,2
2026-02-20,MINIONS-SHORT,12228,12,71,188,1
2026-02-20,POOH-TOTE,11184,12,146,287,0
2026-02-21,STITCH-TEE-OVR,5642,17,244,483,1
2026-02-21,STITCH-COORD-SET,3960,7,129,131,0
2026-02-21,MICKEY-HOODIE,9861,25,361,402,2
2026-02-21,DISNEY-JOGGER,11875,33,308,136,2
2026-02-21,MARVEL-CAP,23440,26,92,124,1
2026-02-21,LOONEY-CROP,8360,13,83,297,0
2026-02-21,BARBIE-DRESS,20720,26,206,177,2
2026-02-21,HP-SWEAT,12438,23,150,338,1
2026-02-21,MINIONS-SHORT,7056,9,400,128,0
2026-02-21,POOH-TOTE,12810,39,91,482,1
2026-02-22,STITCH-TEE-OVR,8569,14,174,451,1
2026-02-22,STITCH-COORD-SET,11400,25,106,137,1
2026-02-22,MICKEY-HOODIE,13226,22,326,456,0
2026-02-22,DISNEY-JOGGER,23940,27,91,363,1
2026-02-22,MARVEL-CAP,20672,25,323,158,1
2026-02-22,LOONEY-CROP,6398,18,244,379,1
2026-02-22,BARBIE-DRESS,8960,10,361,430,1
2026-02-22,HP-SWEAT,12460,18,370,398,1
2026-02-22,MINIONS-SHORT,11140,26,263,374,1
2026-02-22,POOH-TOTE,29696,38,228,433,3
2026-02-23,STITCH-TEE-OVR,5904,6,233,443,0
2026-02-23,STITCH-COORD-SET,18030,30,284,166,2
2026-02-23,MICKEY-HOODIE,22380,20,61,409,1
2026-02-23,DISNEY-JOGGER,10190,10,139,135,1
2026-02-23,MARVEL-CAP,9345,15,197,407,0
2026-02-23,LOONEY-CROP,19971,21,50,188,1
2026-02-23,BARBIE-DRESS,3870,6,247,227,0
2026-02-23,HP-SWEAT,16569,21,149,423,1
2026-02-23,MINIONS-SHORT,15950,25,61,407,1
2026-02-23,POOH-TOTE,25104,24,115,341,1
2026-02-24,STITCH-TEE-OVR,12736,16,288,267,1
2026-02-24,STITCH-COORD-SET,19104,16,290,115,1
2026-02-24,MICKEY-HOODIE,12032,16,202,174,0
2026-02-24,DISNEY-JOGGER,12384,18,246,417,0
2026-02-24,MARVEL-CAP,9758,17,277,108,1
2026-02-24,LOONEY-CROP,17580,20,123,374,1
2026-02-24,BARBIE-DRESS,13128,12,121,476,0
2026-02-24,HP-SWEAT,22781,19,189,322,1
2026-02-24,MINIONS-SHORT,14858,19,208,234,1
2026-02-24,POOH-TOTE,29092,28,220,194,2
2026-02-25,STITCH-TEE-OVR,26500,25,294,433,2
2026-02-25,STITCH-COORD-SET,15282,27,74,180,2
2026-02-25,MICKEY-HOODIE,15290,22,121,205,2
2026-02-25,DISNEY-JOGGER,7504,7,91,268,0
2026-02-25,MARVEL-CAP,12340,20,130,481,0
2026-02-25,LOONEY-CROP,4050,10,265,218,1
2026-02-25,BARBIE-DRESS,9064,11,152,474,0
2026-02-25,HP-SWEAT,13832,13,220,497,1
2026-02-25,MINIONS-SHORT,19752,24,237,318,1
2026-02-25,POOH-TOTE,16170,22,151,140,1
2026-02-26,STITCH-TEE-OVR,14339,13,150,383,1
2026-02-26,STITCH-COORD-SET,15366,13,75,176,1
2026-02-26,MICKEY-HOODIE,12654,18,169,213,1
2026-02-26,DISNEY-JOGGER,11424,28,55,491,2
2026-02-26,MARVEL-CAP,22363,19,171,385,0
2026-02-26,LOONEY-CROP,16974,23,153,300,2
2026-02-26,BARBIE-DRESS,17052,21,275,236,1
2026-02-26,HP-SWEAT,2890,5,91,394,0
2026-02-26,MINIONS-SHORT,8701,11,173,465,0
2026-02-26,POOH-TOTE,11228,28,131,289,2
2026-02-27,STITCH-TEE-OVR,20982,26,296,244,1
2026-02-27,STITCH-COORD-SET,11290,10,231,344,0
2026-02-27,MICKEY-HOODIE,19570,19,57,350,1
2026-02-27,DISNEY-JOGGER,4925,5,199,217,0
2026-02-27,MARVEL-CAP,12980,11,220,126,1
2026-02-27,LOONEY-CROP,4225,5,245,209,0
2026-02-27,BARBIE-DRESS,6750,9,174,406,0
2026-02-27,HP-SWEAT,19604,26,113,282,2
2026-02-27,MINIONS-SHORT,12870,18,271,235,1
2026-02-27,POOH-TOTE,22029,21,92,256,1
2026-02-28,STITCH-TEE-OVR,12480,16,224,343,1
2026-02-28,STITCH-COORD-SET,29770,34,137,349,2
2026-02-28,MICKEY-HOODIE,6140,13,344,368,0
2026-02-28,DISNEY-JOGGER,27300,33,283,188,1
2026-02-28,MARVEL-CAP,21460,26,183,161,2
2026-02-28,LOONEY-CROP,4220,13,403,477,1
2026-02-28,BARBIE-DRESS,18525,33,78,288,2
2026-02-28,HP-SWEAT,3456,10,260,313,0
2026-02-28,MINIONS-SHORT,10469,25,133,115,1
2026-02-28,POOH-TOTE,9570,20,319,435,1
2026-03-01,STITCH-TEE-OVR,8512,21,375,280,0
2026-03-01,STITCH-COORD-SET,12340,26,314,416,1
2026-03-01,MICKEY-HOODIE,7073,14,314,231,1
2026-03-01,DISNEY-JOGGER,29430,35,97,180,3
2026-03-01,MARVEL-CAP,24720,39,118,102,2
2026-03-01,LOONEY-CROP,7070,18,274,330,1
2026-03-01,BARBIE-DRESS,18530,22,151,381,2
2026-03-01,HP-SWEAT,4265,7,132,116,0
2026-03-01,MINIONS-SHORT,17347,25,385,416,1
2026-03-01,POOH-TOTE,8619,17,388,163,1
2026-03-02,STITCH-TEE-OVR,8398,13,65,425,0
2026-03-02,STITCH-COORD-SET,15392,16,171,303,1
2026-03-02,MICKEY-HOODIE,14534,13,66,380,1
2026-03-02,DISNEY-JOGGER,16720,20,163,453,1
2026-03-02,MARVEL-CAP,10766,14,259,444,1
2026-03-02,LOONEY-CROP,9405,15,114,458,1
2026-03-02,BARBIE-DRESS,11531,13,113,499,0
2026-03-02,HP-SWEAT,21068,23,299,363,2
2026-03-02,MINIONS-SHORT,29310,30,291,396,1
2026-03-02,POOH-TOTE,5313,11,114,184,0
2026-03-03,STITCH-TEE-OVR,6039,9,130,265,1
2026-03-03,STITCH-COORD-SET,10626,22,281,362,1
2026-03-03,MICKEY-HOODIE,4800,6,58,328,0
2026-03-03,DISNEY-JOGGER,13020,12,173,118,1
2026-03-03,MARVEL-CAP,16744,28,274,159,2
2026-03-03,LOONEY-CROP,34170,30,137,252,2
2026-03-03,BARBIE-DRESS,14472,24,295,483,1
2026-03-03,HP-SWEAT,11258,26,92,479,1
2026-03-03,MINIONS-SHORT,10476,12,171,491,1
2026-03-03,POOH-TOTE,8829,9,109,444,0
2026-03-04,STITCH-TEE-OVR,8768,16,233,362,1
2026-03-04,STITCH-COORD-SET,22725,25,160,228,1
2026-03-04,MICKEY-HOODIE,5244,6,125,499,0
2026-03-04,DISNEY-JOGGER,28830,30,145,445,1
2026-03-04,MARVEL-CAP,13266,18,235,487,1
2026-03-04,LOONEY-CROP,23200,20,239,430,0
2026-03-04,BARBIE-DRESS,15552,24,233,465,0
2026-03-04,HP-SWEAT,13100,25,136,482,2
2026-03-04,MINIONS-SHORT,11250,18,244,197,1
2026-03-04,POOH-TOTE,33330,30,262,105,1
2026-03-05,STITCH-TEE-OVR,10944,19,280,437,1
2026-03-05,STITCH-COORD-SET,6720,15,118,396,1
2026-03-05,MICKEY-HOODIE,8302,7,152,204,0
2026-03-05,DISNEY-JOGGER,9570,11,82,462,1
2026-03-05,MARVEL-CAP,12177,27,165,374,2
2026-03-05,LOONEY-CROP,9448,8,205,209,0
2026-03-05,BARBIE-DRESS,3882,6,289,307,0
2026-03-05,HP-SWEAT,22881,29,113,499,1
2026-03-05,MINIONS-SHORT,7462,13,186,394,1
2026-03-05,POOH-TOTE,8370,18,59,106,1
2026-03-06,STITCH-TEE-OVR,20152,22,192,434,2
2026-03-06,STITCH-COORD-SET,11362,26,235,278,1
2026-03-06,MICKEY-HOODIE,24081,23,182,277,2
2026-03-06,DISNEY-JOGGER,22440,30,91,109,2
2026-03-06,MARVEL-CAP,31401,27,236,232,2
2026-03-06,LOONEY-CROP,12628,22,158,274,2
2026-03-06,BARBIE-DRESS,10279,19,235,189,1
2026-03-06,HP-SWEAT,13419,21,126,387,1
2026-03-06,MINIONS-SHORT,6531,7,110,391,0
2026-03-06,POOH-TOTE,30672,27,149,178,2
2026-03-07,STITCH-TEE-OVR,17325,20,409,365,1
2026-03-07,STITCH-COORD-SET,8400,26,154,362,1
2026-03-07,MICKEY-HOODIE,3920,9,388,120,0
2026-03-07,DISNEY-JOGGER,7168,10,328,160,1
2026-03-07,MARVEL-CAP,18360,23,92,402,2
2026-03-07,LOONEY-CROP,5940,14,274,137,0
2026-03-07,BARBIE-DRESS,17496,23,389,196,2
2026-03-07,HP-SWEAT,5970,8,339,477,0
2026-03-07,MINIONS-SHORT,17602,34,213,382,1
2026-03-07,POOH-TOTE,3448,10,402,457,0
2026-03-08,STITCH-TEE-OVR,10520,13,332,134,1
2026-03-08,STITCH-COORD-SET,19866,27,200,169,1
2026-03-08,MICKEY-HOODIE,25168,34,370,492,2
2026-03-08,DISNEY-JOGGER,5076,8,238,107,0
2026-03-08,MARVEL-CAP,15771,27,307,402,2
2026-03-08,LOONEY-CROP,9492,18,295,248,1
2026-03-08,BARBIE-DRESS,10464,16,354,489,1
2026-03-08,HP-SWEAT,17060,26,207,499,1
2026-03-08,MINIONS-SHORT,11401,17,223,418,1
2026-03-08,POOH-TOTE,21000,26,140,133,1
2026-03-09,STITCH-TEE-OVR,16608,24,90,403,1
2026-03-09,STITCH-COORD-SET,14175,25,288,446,1
2026-03-09,MICKEY-HOODIE,16530,29,60,140,1
2026-03-09,DISNEY-JOGGER,28884,29,242,342,2
2026-03-09,MARVEL-CAP,4228,7,199,308,0
2026-03-09,LOONEY-CROP,22881,29,228,295,1
2026-03-09,BARBIE-DRESS,24675,25,157,379,1
2026-03-09,HP-SWEAT,4653,11,179,128,0
2026-03-09,MINIONS-SHORT,21356,19,117,235,0
2026-03-09,POOH-TOTE,15696,16,134,415,1
2026-03-10,STITCH-TEE-OVR,12308,17,165,116,1
2026-03-10,STITCH-COORD-SET,6710,11,50,475,0
2026-03-10,MICKEY-HOODIE,13166,29,245,442,2
2026-03-10,DISNEY-JOGGER,9414,18,237,381,1
2026-03-10,MARVEL-CAP,5786,11,168,448,1
2026-03-10,LOONEY-CROP,20376,18,106,225,1
2026-03-10,BARBIE-DRESS,18096,24,167,245,1
2026-03-10,HP-SWEAT,10693,17,165,103,1
2026-03-10,MINIONS-SHORT,12914,22,178,113,1
2026-03-10,POOH-TOTE,5730,10,294,395,1
2026-03-11,STITCH-TEE-OVR,22320,24,130,263,1
2026-03-11,STITCH-COORD-SET,12630,30,224,352,2
2026-03-11,MICKEY-HOODIE,6174,9,108,241,1
2026-03-11,DISNEY-JOGGER,19530,30,204,311,1
2026-03-11,MARVEL-CAP,7826,7,280,368,0
2026-03-11,LOONEY-CROP,9218,11,222,185,0
2026-03-11,BARBIE-DRESS,11075,25,97,269,2
2026-03-11,HP-SWEAT,19458,18,219,271,1
2026-03-11,MINIONS-SHORT,8274,14,233,449,0
2026-03-11,POOH-TOTE,21045,23,96,113,2
2026-03-12,STITCH-TEE-OVR,7912,8,290,114,1
2026-03-12,STITCH-COORD-SET,10285,17,263,296,1
2026-03-12,MICKEY-HOODIE,23436,21,208,142,0
2026-03-12,DISNEY-JOGGER,17253,27,242,204,1
2026-03-12,MARVEL-CAP,12720,30,73,118,2
2026-03-12,LOONEY-CROP,15480,15,83,413,1
2026-03-12,BARBIE-DRESS,25008,24,221,114,2
2026-03-12,HP-SWEAT,12896,26,84,186,1
2026-03-12,MINIONS-SHORT,23580,20,219,457,1
2026-03-12,POOH-TOTE,18576,16,159,315,1
2026-03-13,STITCH-TEE-OVR,6544,16,56,338,1
2026-03-13,STITCH-COORD-SET,10149,17,57,377,1
2026-03-13,MICKEY-HOODIE,7371,7,246,330,0
2026-03-13,DISNEY-JOGGER,8078,7,164,226,0
2026-03-13,MARVEL-CAP,23256,24,198,236,2
2026-03-13,LOONEY-CROP,11408,16,187,252,1
2026-03-13,BARBIE-DRESS,25288,29,87,119,1
2026-03-13,HP-SWEAT,14283,27,155,164,1
2026-03-13,MINIONS-SHORT,18009,27,110,184,2
2026-03-13,POOH-TOTE,11908,26,173,353,2
2026-03-14,STITCH-TEE-OVR,15890,18,302,380,1
2026-03-14,STITCH-COORD-SET,20375,33,129,346,2
2026-03-14,MICKEY-HOODIE,14896,21,343,483,1
2026-03-14,DISNEY-JOGGER,8388,16,293,179,1
2026-03-14,MARVEL-CAP,7074,12,234,350,1
2026-03-14,LOONEY-CROP,13888,21,111,490,1
2026-03-14,BARBIE-DRESS,18700,29,151,442,2
2026-03-14,HP-SWEAT,16276,34,165,404,2
2026-03-14,MINIONS-SHORT,5520,8,127,267,0
2026-03-14,POOH-TOTE,12716,22,392,469,2
2026-03-15,STITCH-TEE-OVR,12720,16,228,464,0
2026-03-15,STITCH-COORD-SET,22050,39,132,282,2
2026-03-15,MICKEY-HOODIE,3168,8,374,107,0
2026-03-15,DISNEY-JOGGER,18468,35,413,322,2
2026-03-15,MARVEL-CAP,13056,22,414,332,2
2026-03-15,LOONEY-CROP,27325,33,354,421,1
2026-03-15,BARBIE-DRESS,8604,23,211,400,1
2026-03-15,HP-SWEAT,19350,39,319,431,2
2026-03-15,MINIONS-SHORT,18720,31,279,471,2
2026-03-15,POOH-TOTE,8365,9,329,449,0
2026-03-16,STITCH-TEE-OVR,18867,19,109,337,1
2026-03-16,STITCH-COORD-SET,13189,11,179,102,1
2026-03-16,MICKEY-HOODIE,14705,17,195,158,1
2026-03-16,DISNEY-JOGGER,21634,29,141,308,1
2026-03-16,MARVEL-CAP,7763,7,166,364,0
2026-03-16,LOONEY-CROP,28000,28,173,317,2
2026-03-16,BARBIE-DRESS,19050,30,84,193,2
2026-03-16,HP-SWEAT,27270,30,113,322,1
2026-03-16,MINIONS-SHORT,26880,30,263,221,1
2026-03-16,POOH-TOTE,12880,16,239,346,1
2026-03-17,STITCH-TEE-OVR,882,2,297,0,0
2026-03-17,STITCH-COORD-SET,492,1,750,0,0
2026-03-17,MICKEY-HOODIE,12551,11,161,468,1
2026-03-17,DISNEY-JOGGER,3845,5,191,343,0
2026-03-17,MARVEL-CAP,15008,14,294,102,1
2026-03-17,LOONEY-CROP,20111,17,217,360,1
2026-03-17,BARBIE-DRESS,16099,17,250,359,0
2026-03-17,HP-SWEAT,16800,14,132,373,1
2026-03-17,MINIONS-SHORT,22900,25,65,205,1
2026-03-17,POOH-TOTE,5544,11,165,301,1
2026-03-18,STITCH-TEE-OVR,2892,4,1740,0,0
2026-03-18,STITCH-COORD-SET,550,1,843,0,0
2026-03-18,MICKEY-HOODIE,14498,22,211,438,1
2026-03-18,DISNEY-JOGGER,16786,14,125,199,0
2026-03-18,MARVEL-CAP,10300,20,258,440,1
2026-03-18,LOONEY-CROP,18270,18,194,407,0
2026-03-18,BARBIE-DRESS,13057,11,300,378,1
2026-03-18,HP-SWEAT,8064,9,128,107,1
2026-03-18,MINIONS-SHORT,16560,20,266,489,1
2026-03-18,POOH-TOTE,19560,24,276,468,2
2026-03-19,STITCH-TEE-OVR,8148,12,795,0,1
2026-03-19,STITCH-COORD-SET,431,1,591,0,0
2026-03-19,MICKEY-HOODIE,4205,5,128,430,0
2026-03-19,DISNEY-JOGGER,3450,5,269,326,0
2026-03-19,MARVEL-CAP,8604,9,281,277,0
2026-03-19,LOONEY-CROP,28246,29,231,374,2
2026-03-19,BARBIE-DRESS,17719,29,243,263,1
2026-03-19,HP-SWEAT,5540,10,271,439,1
2026-03-19,MINIONS-SHORT,3468,6,170,457,0
2026-03-19,POOH-TOTE,13944,14,128,171,1
2026-03-20,STITCH-TEE-OVR,1106,2,717,0,0
2026-03-20,STITCH-COORD-SET,934,2,444,0,0
2026-03-20,MICKEY-HOODIE,2130,5,160,206,0
2026-03-20,DISNEY-JOGGER,12771,11,279,115,0
2026-03-20,MARVEL-CAP,6480,15,144,411,0
2026-03-20,LOONEY-CROP,17940,26,219,359,1
2026-03-20,BARBIE-DRESS,27330,30,97,345,2
2026-03-20,HP-SWEAT,28420,29,271,391,1
2026-03-20,MINIONS-SHORT,10340,20,280,146,1
2026-03-20,POOH-TOTE,12771,11,102,156,0
2026-03-21,STITCH-TEE-OVR,1773,3,303,0,0
2026-03-21,STITCH-COORD-SET,984,2,693,0,0
2026-03-21,MICKEY-HOODIE,14260,30,151,245,2
2026-03-21,DISNEY-JOGGER,17952,29,294,488,1
2026-03-21,MARVEL-CAP,7450,13,141,364,0
2026-03-21,LOONEY-CROP,12420,30,76,243,2
2026-03-21,BARBIE-DRESS,21508,25,375,188,2
2026-03-21,HP-SWEAT,5232,8,329,311,1
2026-03-21,MINIONS-SHORT,13995,20,262,406,1
2026-03-21,POOH-TOTE,17976,36,361,423,2
2026-03-22,STITCH-TEE-OVR,960,2,894,0,0
2026-03-22,STITCH-COORD-SET,872,2,381,0,0
2026-03-22,MICKEY-HOODIE,2400,7,414,458,0
2026-03-22,DISNEY-JOGGER,9738,12,388,393,0
2026-03-22,MARVEL-CAP,12576,21,402,156,1
2026-03-22,LOONEY-CROP,8040,13,153,395,1
2026-03-22,BARBIE-DRESS,26640,39,391,348,2
2026-03-22,HP-SWEAT,9373,17,256,161,1
2026-03-22,MINIONS-SHORT,20636,36,351,347,2
2026-03-22,POOH-TOTE,12908,18,190,179,1
2026-03-23,STITCH-TEE-OVR,504,1,393,0,0
2026-03-23,STITCH-COORD-SET,1659,3,741,0,0
2026-03-23,MICKEY-HOODIE,5090,10,197,454,1
2026-03-23,DISNEY-JOGGER,10968,12,196,252,0
2026-03-23,MARVEL-CAP,12649,13,168,438,1
2026-03-23,LOONEY-CROP,16321,19,183,408,1
2026-03-23,BARBIE-DRESS,8307,13,69,321,1
2026-03-23,HP-SWEAT,27552,28,103,232,1
2026-03-23,MINIONS-SHORT,24076,26,149,212,2
2026-03-23,POOH-TOTE,21762,27,230,496,2